width,length,stage,min_interval,max_interval,cap,mob,controller,seeds,first_seed,pass_rate,spawn_mean,active_mean,active_peak,distance_mean,moving_fraction,turns_mean,close_fraction,speed
7,9,0,4,5,11,ZOMBIE,stationary,300,65000,0.00333,22.00,8.25,11,0.00,0.0000,0.00,0.0553,0.2210
7,9,0,4,5,11,ZOMBIE,cautious,300,65000,0.19333,22.00,8.25,11,5.05,0.1762,5.95,0.1099,0.2210
7,9,0,4,5,11,ZOMBIE,walking,300,65000,0.75333,22.00,8.25,11,11.67,0.3111,10.50,0.1280,0.2210
7,9,0,4,5,11,ZOMBIE,responsive,300,65000,0.81667,22.00,8.25,11,13.76,0.2884,14.41,0.1138,0.2210
7,9,0,4,5,11,ZOMBIE,omnivision,300,65000,0.78667,22.00,8.25,11,11.62,0.3104,10.66,0.1247,0.2210
7,9,0,3,4,15,HUSK,stationary,300,65000,0.01333,30.00,11.11,15,0.00,0.0000,0.00,0.0586,0.1955
7,9,0,3,4,15,HUSK,cautious,300,65000,0.23667,30.00,11.11,15,6.15,0.2161,6.77,0.1361,0.1955
7,9,0,3,4,15,HUSK,walking,300,65000,0.79000,30.00,11.11,15,12.29,0.3284,12.02,0.1386,0.1955
7,9,0,3,4,15,HUSK,responsive,300,65000,0.81000,30.00,11.11,15,14.09,0.2963,17.48,0.1282,0.1955
7,9,0,3,4,15,HUSK,omnivision,300,65000,0.79333,30.00,11.11,15,12.19,0.3267,12.34,0.1356,0.1955
7,9,0,2,4,17,SKELETON,stationary,300,65000,0.00000,34.00,12.45,17,0.00,0.0000,0.00,0.0628,0.1870
7,9,0,2,4,17,SKELETON,cautious,300,65000,0.26333,34.00,12.45,17,5.98,0.2098,7.18,0.1496,0.1870
7,9,0,2,4,17,SKELETON,walking,300,65000,0.78333,34.00,12.45,17,10.42,0.2786,11.47,0.1479,0.1870
7,9,0,2,4,17,SKELETON,responsive,300,65000,0.82333,34.00,12.45,17,12.57,0.2654,15.04,0.1317,0.1870
7,9,0,2,4,17,SKELETON,omnivision,300,65000,0.79333,34.00,12.45,17,10.51,0.2809,11.76,0.1456,0.1870
7,9,0,4,7,10,SPIDER,stationary,300,65000,0.01333,23.20,7.11,10,0.00,0.0000,0.00,0.0636,0.2550
7,9,0,4,7,10,SPIDER,cautious,300,65000,0.22333,23.20,7.11,10,4.28,0.1494,6.26,0.0985,0.2550
7,9,0,4,7,10,SPIDER,walking,300,65000,0.80667,23.20,7.11,10,9.49,0.2492,10.40,0.1021,0.2550
7,9,0,4,7,10,SPIDER,responsive,300,65000,0.97000,23.20,7.11,10,13.04,0.2683,12.91,0.0928,0.2550
7,9,0,4,7,10,SPIDER,omnivision,300,65000,0.89333,23.20,7.11,10,10.20,0.2691,10.82,0.1000,0.2550
7,9,0,3,4,16,CREEPER,stationary,300,65000,0.22333,45.82,11.32,16,0.00,0.0000,0.00,0.1267,0.2430
7,9,0,3,4,16,CREEPER,cautious,300,65000,0.54000,45.82,11.32,16,1.66,0.0579,3.86,0.1326,0.2430
7,9,0,3,4,16,CREEPER,walking,300,65000,0.75333,45.82,11.32,16,3.39,0.0880,5.67,0.0901,0.2430
7,9,0,3,4,16,CREEPER,responsive,300,65000,1.00000,45.82,11.32,16,5.50,0.1113,7.41,0.0676,0.2430
7,9,0,3,4,16,CREEPER,omnivision,300,65000,1.00000,45.82,11.32,16,4.48,0.1167,6.94,0.0861,0.2430
7,9,1,3,6,7,ZOMBIE,stationary,300,65000,0.02000,19.08,5.49,7,0.00,0.0000,0.00,0.0496,0.2730
7,9,1,3,6,7,ZOMBIE,cautious,300,65000,0.21667,19.08,5.49,7,3.43,0.1194,4.73,0.0769,0.2730
7,9,1,3,6,7,ZOMBIE,walking,300,65000,0.74333,19.08,5.49,7,8.24,0.2168,8.61,0.0966,0.2730
7,9,1,3,6,7,ZOMBIE,responsive,300,65000,0.91667,19.08,5.49,7,11.24,0.2315,10.46,0.0873,0.2730
7,9,1,3,6,7,ZOMBIE,omnivision,300,65000,0.86000,19.08,5.49,7,9.21,0.2427,9.32,0.0934,0.2730
7,9,1,5,6,13,HUSK,stationary,300,65000,0.00667,29.52,8.75,13,0.00,0.0000,0.00,0.0580,0.2415
7,9,1,5,6,13,HUSK,cautious,300,65000,0.13333,29.52,8.75,13,4.42,0.1546,5.64,0.0991,0.2415
7,9,1,5,6,13,HUSK,walking,300,65000,0.74667,29.52,8.75,13,11.79,0.3112,10.83,0.1209,0.2415
7,9,1,5,6,13,HUSK,responsive,300,65000,0.95333,29.52,8.75,13,16.28,0.3384,15.21,0.1072,0.2415
7,9,1,5,6,13,HUSK,omnivision,300,65000,0.91000,29.52,8.75,13,12.91,0.3421,11.99,0.1174,0.2415
7,9,1,3,6,16,SKELETON,stationary,300,65000,0.00333,33.21,10.64,16,0.00,0.0000,0.00,0.0637,0.2310
7,9,1,3,6,16,SKELETON,cautious,300,65000,0.18333,33.21,10.64,16,4.85,0.1696,6.82,0.1213,0.2310
7,9,1,3,6,16,SKELETON,walking,300,65000,0.73000,33.21,10.64,16,11.39,0.3028,12.13,0.1410,0.2310
7,9,1,3,6,16,SKELETON,responsive,300,65000,0.90667,33.21,10.64,16,15.21,0.3199,15.90,0.1259,0.2310
7,9,1,3,6,16,SKELETON,omnivision,300,65000,0.84333,33.21,10.64,16,11.64,0.3108,12.82,0.1425,0.2310
7,9,1,6,11,7,SPIDER,stationary,300,65000,0.04333,18.33,4.67,7,0.00,0.0000,0.00,0.0571,0.3150
7,9,1,6,11,7,SPIDER,cautious,300,65000,0.26667,18.33,4.67,7,2.92,0.1017,5.37,0.0745,0.3150
7,9,1,6,11,7,SPIDER,walking,300,65000,0.77000,18.33,4.67,7,6.85,0.1782,8.90,0.0802,0.3150
7,9,1,6,11,7,SPIDER,responsive,300,65000,0.99333,18.33,4.67,7,10.39,0.2096,10.56,0.0664,0.3150
7,9,1,6,11,7,SPIDER,omnivision,300,65000,0.96333,18.33,4.67,7,8.29,0.2160,9.95,0.0757,0.3150
7,9,1,2,6,7,CREEPER,stationary,300,65000,0.46667,25.10,5.45,7,0.00,0.0000,0.00,0.1033,0.2835
7,9,1,2,6,7,CREEPER,cautious,300,65000,0.65000,25.10,5.45,7,0.87,0.0304,2.09,0.0917,0.2835
7,9,1,2,6,7,CREEPER,walking,300,65000,0.75667,25.10,5.45,7,1.83,0.0476,3.29,0.0656,0.2835
7,9,1,2,6,7,CREEPER,responsive,300,65000,1.00000,25.10,5.45,7,3.36,0.0672,4.64,0.0555,0.2835
7,9,1,2,6,7,CREEPER,omnivision,300,65000,1.00000,25.10,5.45,7,2.84,0.0736,4.57,0.0574,0.2835
7,9,2,7,9,8,ZOMBIE,stationary,300,65000,0.01000,20.43,5.30,8,0.00,0.0000,0.00,0.0466,0.3250
7,9,2,7,9,8,ZOMBIE,cautious,300,65000,0.16333,20.43,5.30,8,2.73,0.0952,4.77,0.0707,0.3250
7,9,2,7,9,8,ZOMBIE,walking,300,65000,0.70333,20.43,5.30,8,8.04,0.2099,9.62,0.0919,0.3250
7,9,2,7,9,8,ZOMBIE,responsive,300,65000,0.95667,20.43,5.30,8,13.03,0.2653,12.29,0.0887,0.3250
7,9,2,7,9,8,ZOMBIE,omnivision,300,65000,0.90000,20.43,5.30,8,9.49,0.2485,10.77,0.0954,0.3250
7,9,2,3,7,9,HUSK,stationary,300,65000,0.01333,25.91,6.61,9,0.00,0.0000,0.00,0.0538,0.2875
7,9,2,3,7,9,HUSK,cautious,300,65000,0.15333,25.91,6.61,9,3.05,0.1063,4.67,0.0812,0.2875
7,9,2,3,7,9,HUSK,walking,300,65000,0.62333,25.91,6.61,9,9.11,0.2386,9.71,0.1010,0.2875
7,9,2,3,7,9,HUSK,responsive,300,65000,0.97667,25.91,6.61,9,15.50,0.3161,12.96,0.0860,0.2875
7,9,2,3,7,9,HUSK,omnivision,300,65000,0.92667,25.91,6.61,9,11.81,0.3100,11.20,0.0986,0.2875
7,9,2,4,6,11,SKELETON,stationary,300,65000,0.00333,27.28,7.79,11,0.00,0.0000,0.00,0.0609,0.2750
7,9,2,4,6,11,SKELETON,cautious,300,65000,0.12667,27.28,7.79,11,3.68,0.1284,5.54,0.0924,0.2750
7,9,2,4,6,11,SKELETON,walking,300,65000,0.69333,27.28,7.79,11,9.37,0.2454,10.81,0.1066,0.2750
7,9,2,4,6,11,SKELETON,responsive,300,65000,0.96667,27.28,7.79,11,13.66,0.2808,13.33,0.0996,0.2750
7,9,2,4,6,11,SKELETON,omnivision,300,65000,0.88667,27.28,7.79,11,11.06,0.2910,12.28,0.1126,0.2750
7,9,2,8,12,5,SPIDER,stationary,300,65000,0.05667,15.70,3.44,5,0.00,0.0000,0.00,0.0480,0.3750
7,9,2,8,12,5,SPIDER,cautious,300,65000,0.22667,15.70,3.44,5,1.77,0.0613,3.52,0.0598,0.3750
7,9,2,8,12,5,SPIDER,walking,300,65000,0.73333,15.70,3.44,5,4.84,0.1254,7.67,0.0695,0.3750
7,9,2,8,12,5,SPIDER,responsive,300,65000,0.98667,15.70,3.44,5,8.47,0.1692,10.26,0.0667,0.3750
7,9,2,8,12,5,SPIDER,omnivision,300,65000,0.98000,15.70,3.44,5,7.01,0.1820,9.54,0.0694,0.3750
7,9,2,3,6,6,CREEPER,stationary,300,65000,0.46333,24.55,4.68,6,0.00,0.0000,0.00,0.0903,0.3375
7,9,2,3,6,6,CREEPER,cautious,300,65000,0.61667,24.55,4.68,6,0.69,0.0239,1.65,0.0830,0.3375
7,9,2,3,6,6,CREEPER,walking,300,65000,0.69333,24.55,4.68,6,1.37,0.0355,2.58,0.0676,0.3375
7,9,2,3,6,6,CREEPER,responsive,300,65000,1.00000,24.55,4.68,6,3.31,0.0662,4.66,0.0492,0.3375
7,9,2,3,6,6,CREEPER,omnivision,300,65000,1.00000,24.55,4.68,6,2.86,0.0743,4.77,0.0490,0.3375
7,9,3,5,7,6,ZOMBIE,stationary,300,65000,0.01333,19.66,4.59,6,0.00,0.0000,0.00,0.0410,0.3770
7,9,3,5,7,6,ZOMBIE,cautious,300,65000,0.10000,19.66,4.59,6,1.71,0.0595,3.24,0.0554,0.3770
7,9,3,5,7,6,ZOMBIE,walking,300,65000,0.56000,19.66,4.59,6,6.21,0.1621,8.27,0.0857,0.3770
7,9,3,5,7,6,ZOMBIE,responsive,300,65000,0.95333,19.66,4.59,6,12.13,0.2449,11.90,0.0895,0.3770
7,9,3,5,7,6,ZOMBIE,omnivision,300,65000,0.86333,19.66,4.59,6,8.84,0.2310,10.43,0.0934,0.3770
7,9,3,3,5,6,HUSK,stationary,300,65000,0.03333,20.70,4.81,6,0.00,0.0000,0.00,0.0431,0.3335
7,9,3,3,5,6,HUSK,cautious,300,65000,0.14333,20.70,4.81,6,1.90,0.0660,3.39,0.0548,0.3335
7,9,3,3,5,6,HUSK,walking,300,65000,0.57667,20.70,4.81,6,6.41,0.1673,7.86,0.0812,0.3335
7,9,3,3,5,6,HUSK,responsive,300,65000,0.97333,20.70,4.81,6,11.89,0.2410,10.59,0.0805,0.3335
7,9,3,3,5,6,HUSK,omnivision,300,65000,0.91667,20.70,4.81,6,9.09,0.2376,9.73,0.0827,0.3335
7,9,3,4,7,9,SKELETON,stationary,300,65000,0.00000,25.54,6.40,9,0.00,0.0000,0.00,0.0535,0.3190
7,9,3,4,7,9,SKELETON,cautious,300,65000,0.11333,25.54,6.40,9,2.86,0.0994,4.96,0.0765,0.3190
7,9,3,4,7,9,SKELETON,walking,300,65000,0.60667,25.54,6.40,9,7.64,0.1994,9.83,0.0919,0.3190
7,9,3,4,7,9,SKELETON,responsive,300,65000,0.98333,25.54,6.40,9,13.69,0.2780,13.40,0.0857,0.3190
7,9,3,4,7,9,SKELETON,omnivision,300,65000,0.89333,25.54,6.40,9,10.30,0.2698,11.99,0.0987,0.3190
7,9,3,9,16,5,SPIDER,stationary,300,65000,0.08000,13.30,2.59,5,0.00,0.0000,0.00,0.0389,0.4350
7,9,3,9,16,5,SPIDER,cautious,300,65000,0.18667,13.30,2.59,5,0.94,0.0325,2.13,0.0452,0.4350
7,9,3,9,16,5,SPIDER,walking,300,65000,0.59000,13.30,2.59,5,3.06,0.0793,5.73,0.0570,0.4350
7,9,3,9,16,5,SPIDER,responsive,300,65000,0.97000,13.30,2.59,5,5.83,0.1162,8.38,0.0641,0.4350
7,9,3,9,16,5,SPIDER,omnivision,300,65000,0.97667,13.30,2.59,5,5.35,0.1385,8.54,0.0593,0.4350
7,9,3,4,6,6,CREEPER,stationary,300,65000,0.44000,27.67,4.59,6,0.00,0.0000,0.00,0.0901,0.3915
7,9,3,4,6,6,CREEPER,cautious,300,65000,0.57333,27.67,4.59,6,0.58,0.0200,1.41,0.0846,0.3915
7,9,3,4,6,6,CREEPER,walking,300,65000,0.60667,27.67,4.59,6,1.05,0.0271,2.07,0.0726,0.3915
7,9,3,4,6,6,CREEPER,responsive,300,65000,0.99000,27.67,4.59,6,2.95,0.0589,4.42,0.0571,0.3915
7,9,3,4,6,6,CREEPER,omnivision,300,65000,1.00000,27.67,4.59,6,2.96,0.0767,4.78,0.0506,0.3915
7,9,4,6,9,5,ZOMBIE,stationary,300,65000,0.00667,18.27,3.72,5,0.00,0.0000,0.00,0.0386,0.4290
7,9,4,6,9,5,ZOMBIE,cautious,300,65000,0.08000,18.27,3.72,5,1.46,0.0424,2.70,0.0504,0.4290
7,9,4,6,9,5,ZOMBIE,walking,300,65000,0.50667,18.27,3.72,5,5.36,0.1163,7.26,0.0671,0.4290
7,9,4,6,9,5,ZOMBIE,responsive,300,65000,0.98000,18.27,3.72,5,10.91,0.1827,11.45,0.0701,0.4290
7,9,4,6,9,5,ZOMBIE,omnivision,300,65000,0.93000,18.27,3.72,5,8.94,0.1943,10.11,0.0743,0.4290
7,9,4,7,9,7,HUSK,stationary,300,65000,0.02333,20.43,4.26,7,0.00,0.0000,0.00,0.0423,0.3795
7,9,4,7,9,7,HUSK,cautious,300,65000,0.16000,20.43,4.26,7,1.94,0.0565,3.17,0.0533,0.3795
7,9,4,7,9,7,HUSK,walking,300,65000,0.56333,20.43,4.26,7,6.52,0.1414,7.81,0.0648,0.3795
7,9,4,7,9,7,HUSK,responsive,300,65000,0.97333,20.43,4.26,7,12.88,0.2153,12.17,0.0627,0.3795
7,9,4,7,9,7,HUSK,omnivision,300,65000,0.96000,20.43,4.26,7,11.26,0.2452,10.92,0.0712,0.3795
7,9,4,4,5,7,SKELETON,stationary,300,65000,0.00667,22.98,5.38,7,0.00,0.0000,0.00,0.0466,0.3630
7,9,4,4,5,7,SKELETON,cautious,300,65000,0.14667,22.98,5.38,7,2.47,0.0716,3.96,0.0642,0.3630
7,9,4,4,5,7,SKELETON,walking,300,65000,0.58333,22.98,5.38,7,7.32,0.1597,8.81,0.0785,0.3630
7,9,4,4,5,7,SKELETON,responsive,300,65000,0.98000,22.98,5.38,7,13.08,0.2208,12.64,0.0815,0.3630
7,9,4,4,5,7,SKELETON,omnivision,300,65000,0.94000,22.98,5.38,7,10.27,0.2246,11.02,0.0830,0.3630
7,9,4,13,19,5,SPIDER,stationary,300,65000,0.14000,10.47,1.84,3,0.00,0.0000,0.00,0.0313,0.4950
7,9,4,13,19,5,SPIDER,cautious,300,65000,0.28000,10.47,1.84,3,0.71,0.0205,1.54,0.0383,0.4950
7,9,4,13,19,5,SPIDER,walking,300,65000,0.49000,10.47,1.84,3,2.00,0.0431,3.64,0.0396,0.4950
7,9,4,13,19,5,SPIDER,responsive,300,65000,0.96000,10.47,1.84,3,4.09,0.0679,6.03,0.0483,0.4950
7,9,4,13,19,5,SPIDER,omnivision,300,65000,0.95667,10.47,1.84,3,4.25,0.0917,6.57,0.0431,0.4950
7,9,4,4,7,5,CREEPER,stationary,300,65000,0.44000,25.50,3.76,5,0.00,0.0000,0.00,0.0735,0.4455
7,9,4,4,7,5,CREEPER,cautious,300,65000,0.54000,25.50,3.76,5,0.50,0.0145,1.10,0.0708,0.4455
7,9,4,4,7,5,CREEPER,walking,300,65000,0.55000,25.50,3.76,5,0.83,0.0179,1.46,0.0589,0.4455
7,9,4,4,7,5,CREEPER,responsive,300,65000,0.86333,25.50,3.76,5,2.67,0.0444,4.00,0.0471,0.4455
7,9,4,4,7,5,CREEPER,omnivision,300,65000,1.00000,25.50,3.76,5,3.37,0.0729,4.64,0.0467,0.4455
5,7,0,4,5,6,ZOMBIE,stationary,300,65000,0.00000,14.51,4.85,6,0.00,0.0000,0.00,0.0565,0.2210
5,7,0,4,5,6,ZOMBIE,cautious,300,65000,0.15667,14.51,4.85,6,4.00,0.1406,5.01,0.0995,0.2210
5,7,0,4,5,6,ZOMBIE,walking,300,65000,0.64000,14.51,4.85,6,8.58,0.2324,8.83,0.1147,0.2210
5,7,0,4,5,6,ZOMBIE,responsive,300,65000,0.79667,14.51,4.85,6,10.90,0.2290,12.49,0.1149,0.2210
5,7,0,4,5,6,ZOMBIE,omnivision,300,65000,0.67000,14.51,4.85,6,8.72,0.2368,9.01,0.1168,0.2210
5,7,0,3,4,8,HUSK,stationary,300,65000,0.02000,19.91,6.45,8,0.00,0.0000,0.00,0.0525,0.1955
5,7,0,3,4,8,HUSK,cautious,300,65000,0.33333,19.91,6.45,8,4.51,0.1599,5.96,0.1202,0.1955
5,7,0,3,4,8,HUSK,walking,300,65000,0.75667,19.91,6.45,8,8.17,0.2211,9.36,0.1242,0.1955
5,7,0,3,4,8,HUSK,responsive,300,65000,0.81667,19.91,6.45,8,9.70,0.2029,13.06,0.1059,0.1955
5,7,0,3,4,8,HUSK,omnivision,300,65000,0.76667,19.91,6.45,8,8.00,0.2172,9.37,0.1181,0.1955
5,7,0,2,4,9,SKELETON,stationary,300,65000,0.01000,18.53,7.25,9,0.00,0.0000,0.00,0.0511,0.1870
5,7,0,2,4,9,SKELETON,cautious,300,65000,0.21667,18.53,7.25,9,5.00,0.1772,6.46,0.1402,0.1870
5,7,0,2,4,9,SKELETON,walking,300,65000,0.61667,18.53,7.25,9,8.90,0.2427,10.38,0.1456,0.1870
5,7,0,2,4,9,SKELETON,responsive,300,65000,0.70333,18.53,7.25,9,10.97,0.2344,13.33,0.1255,0.1870
5,7,0,2,4,9,SKELETON,omnivision,300,65000,0.63000,18.53,7.25,9,9.01,0.2459,10.58,0.1445,0.1870
5,7,0,4,7,5,SPIDER,stationary,300,65000,0.02000,14.98,3.89,5,0.00,0.0000,0.00,0.0571,0.2550
5,7,0,4,7,5,SPIDER,cautious,300,65000,0.23333,14.98,3.89,5,3.18,0.1112,4.99,0.0850,0.2550
5,7,0,4,7,5,SPIDER,walking,300,65000,0.77000,14.98,3.89,5,7.23,0.1906,8.64,0.0911,0.2550
5,7,0,4,7,5,SPIDER,responsive,300,65000,0.97000,14.98,3.89,5,10.13,0.2078,10.87,0.0845,0.2550
5,7,0,4,7,5,SPIDER,omnivision,300,65000,0.90667,14.98,3.89,5,8.24,0.2179,9.48,0.0899,0.2550
5,7,0,3,4,8,CREEPER,stationary,300,65000,0.17667,24.04,6.41,8,0.00,0.0000,0.00,0.1106,0.2430
5,7,0,3,4,8,CREEPER,cautious,300,65000,0.47667,24.04,6.41,8,1.54,0.0538,3.46,0.1117,0.2430
5,7,0,3,4,8,CREEPER,walking,300,65000,0.74667,24.04,6.41,8,3.04,0.0796,5.13,0.0787,0.2430
5,7,0,3,4,8,CREEPER,responsive,300,65000,1.00000,24.04,6.41,8,5.09,0.1032,7.28,0.0721,0.2430
5,7,0,3,4,8,CREEPER,omnivision,300,65000,1.00000,24.04,6.41,8,4.22,0.1112,6.47,0.0716,0.2430
5,7,1,3,6,3,ZOMBIE,stationary,300,65000,0.03333,9.00,2.51,3,0.00,0.0000,0.00,0.0468,0.2730
5,7,1,3,6,3,ZOMBIE,cautious,300,65000,0.25667,9.00,2.51,3,2.61,0.0912,3.90,0.0659,0.2730
5,7,1,3,6,3,ZOMBIE,walking,300,65000,0.79000,9.00,2.51,3,6.62,0.1745,7.05,0.0683,0.2730
5,7,1,3,6,3,ZOMBIE,responsive,300,65000,0.97000,9.00,2.51,3,8.53,0.1748,8.65,0.0646,0.2730
5,7,1,3,6,3,ZOMBIE,omnivision,300,65000,0.93333,9.00,2.51,3,7.16,0.1890,7.47,0.0658,0.2730
5,7,1,5,6,7,HUSK,stationary,300,65000,0.02333,20.96,5.37,7,0.00,0.0000,0.00,0.0550,0.2415
5,7,1,5,6,7,HUSK,cautious,300,65000,0.20667,20.96,5.37,7,3.40,0.1194,5.20,0.0988,0.2415
5,7,1,5,6,7,HUSK,walking,300,65000,0.74667,20.96,5.37,7,9.54,0.2529,9.93,0.1141,0.2415
5,7,1,5,6,7,HUSK,responsive,300,65000,0.95000,20.96,5.37,7,13.63,0.2810,13.43,0.0912,0.2415
5,7,1,5,6,7,HUSK,omnivision,300,65000,0.89667,20.96,5.37,7,10.38,0.2766,10.73,0.1081,0.2415
5,7,1,3,6,8,SKELETON,stationary,300,65000,0.00000,20.59,6.10,8,0.00,0.0000,0.00,0.0511,0.2310
5,7,1,3,6,8,SKELETON,cautious,300,65000,0.18000,20.59,6.10,8,3.73,0.1312,5.27,0.0979,0.2310
5,7,1,3,6,8,SKELETON,walking,300,65000,0.68667,20.59,6.10,8,8.73,0.2336,9.83,0.1230,0.2310
5,7,1,3,6,8,SKELETON,responsive,300,65000,0.88333,20.59,6.10,8,11.73,0.2459,12.89,0.1145,0.2310
5,7,1,3,6,8,SKELETON,omnivision,300,65000,0.79000,20.59,6.10,8,9.49,0.2546,10.57,0.1192,0.2310
5,7,1,6,11,3,SPIDER,stationary,300,65000,0.04333,9.62,2.31,3,0.00,0.0000,0.00,0.0537,0.3150
5,7,1,6,11,3,SPIDER,cautious,300,65000,0.25667,9.62,2.31,3,1.82,0.0635,3.63,0.0665,0.3150
5,7,1,6,11,3,SPIDER,walking,300,65000,0.77333,9.62,2.31,3,4.81,0.1253,7.37,0.0704,0.3150
5,7,1,6,11,3,SPIDER,responsive,300,65000,0.98333,9.62,2.31,3,7.19,0.1449,8.85,0.0644,0.3150
5,7,1,6,11,3,SPIDER,omnivision,300,65000,0.96333,9.62,2.31,3,6.17,0.1613,8.12,0.0691,0.3150
5,7,1,2,6,3,CREEPER,stationary,300,65000,0.56333,12.00,2.48,3,0.00,0.0000,0.00,0.0863,0.2835
5,7,1,2,6,3,CREEPER,cautious,300,65000,0.76000,12.00,2.48,3,0.76,0.0266,1.83,0.0701,0.2835
5,7,1,2,6,3,CREEPER,walking,300,65000,0.80667,12.00,2.48,3,1.29,0.0336,2.49,0.0519,0.2835
5,7,1,2,6,3,CREEPER,responsive,300,65000,1.00000,12.00,2.48,3,2.38,0.0476,3.53,0.0434,0.2835
5,7,1,2,6,3,CREEPER,omnivision,300,65000,1.00000,12.00,2.48,3,1.95,0.0508,3.27,0.0424,0.2835
5,7,2,7,9,4,ZOMBIE,stationary,300,65000,0.01333,12.25,3.07,4,0.00,0.0000,0.00,0.0510,0.3250
5,7,2,7,9,4,ZOMBIE,cautious,300,65000,0.13333,12.25,3.07,4,2.10,0.0734,3.74,0.0623,0.3250
5,7,2,7,9,4,ZOMBIE,walking,300,65000,0.58333,12.25,3.07,4,6.27,0.1648,7.99,0.0907,0.3250
5,7,2,7,9,4,ZOMBIE,responsive,300,65000,0.95000,12.25,3.07,4,11.21,0.2286,12.00,0.0958,0.3250
5,7,2,7,9,4,ZOMBIE,omnivision,300,65000,0.83000,12.25,3.07,4,8.48,0.2237,9.82,0.0956,0.3250
5,7,2,3,7,5,HUSK,stationary,300,65000,0.02000,16.32,3.96,5,0.00,0.0000,0.00,0.0458,0.2875
5,7,2,3,7,5,HUSK,cautious,300,65000,0.12333,16.32,3.96,5,2.14,0.0749,3.55,0.0664,0.2875
5,7,2,3,7,5,HUSK,walking,300,65000,0.55667,16.32,3.96,5,6.30,0.1661,8.06,0.0893,0.2875
5,7,2,3,7,5,HUSK,responsive,300,65000,0.95000,16.32,3.96,5,11.44,0.2334,11.17,0.0819,0.2875
5,7,2,3,7,5,HUSK,omnivision,300,65000,0.90667,16.32,3.96,5,9.28,0.2451,10.16,0.0994,0.2875
5,7,2,4,6,6,SKELETON,stationary,300,65000,0.01667,18.02,4.64,6,0.00,0.0000,0.00,0.0536,0.2750
5,7,2,4,6,6,SKELETON,cautious,300,65000,0.12000,18.02,4.64,6,2.64,0.0924,4.24,0.0741,0.2750
5,7,2,4,6,6,SKELETON,walking,300,65000,0.62333,18.02,4.64,6,7.65,0.2029,9.34,0.1032,0.2750
5,7,2,4,6,6,SKELETON,responsive,300,65000,0.94333,18.02,4.64,6,12.21,0.2517,12.78,0.1001,0.2750
5,7,2,4,6,6,SKELETON,omnivision,300,65000,0.88667,18.02,4.64,6,9.77,0.2591,11.14,0.1132,0.2750
5,7,2,8,12,2,SPIDER,stationary,300,65000,0.07667,7.93,1.54,2,0.00,0.0000,0.00,0.0393,0.3750
5,7,2,8,12,2,SPIDER,cautious,300,65000,0.25000,7.93,1.54,2,0.91,0.0315,1.96,0.0425,0.3750
5,7,2,8,12,2,SPIDER,walking,300,65000,0.64333,7.93,1.54,2,2.59,0.0674,4.63,0.0488,0.3750
5,7,2,8,12,2,SPIDER,responsive,300,65000,0.99667,7.93,1.54,2,4.76,0.0951,6.87,0.0552,0.3750
5,7,2,8,12,2,SPIDER,omnivision,300,65000,0.98000,7.93,1.54,2,4.47,0.1162,6.75,0.0547,0.3750
5,7,2,3,6,3,CREEPER,stationary,300,65000,0.44667,12.50,2.47,3,0.00,0.0000,0.00,0.0791,0.3375
5,7,2,3,6,3,CREEPER,cautious,300,65000,0.62667,12.50,2.47,3,0.71,0.0249,1.73,0.0664,0.3375
5,7,2,3,6,3,CREEPER,walking,300,65000,0.66667,12.50,2.47,3,1.15,0.0301,2.24,0.0570,0.3375
5,7,2,3,6,3,CREEPER,responsive,300,65000,1.00000,12.50,2.47,3,2.64,0.0526,4.02,0.0449,0.3375
5,7,2,3,6,3,CREEPER,omnivision,300,65000,1.00000,12.50,2.47,3,2.51,0.0654,4.17,0.0417,0.3375
5,7,3,5,7,3,ZOMBIE,stationary,300,65000,0.02000,12.00,2.42,3,0.00,0.0000,0.00,0.0402,0.3770
5,7,3,5,7,3,ZOMBIE,cautious,300,65000,0.10333,12.00,2.42,3,1.14,0.0396,2.28,0.0471,0.3770
5,7,3,5,7,3,ZOMBIE,walking,300,65000,0.51333,12.00,2.42,3,4.18,0.1095,6.29,0.0719,0.3770
5,7,3,5,7,3,ZOMBIE,responsive,300,65000,0.95333,12.00,2.42,3,8.61,0.1738,10.24,0.0729,0.3770
5,7,3,5,7,3,ZOMBIE,omnivision,300,65000,0.86000,12.00,2.42,3,6.95,0.1827,8.76,0.0773,0.3770
5,7,3,3,5,3,HUSK,stationary,300,65000,0.05333,12.00,2.50,3,0.00,0.0000,0.00,0.0394,0.3335
5,7,3,3,5,3,HUSK,cautious,300,65000,0.13000,12.00,2.50,3,1.09,0.0382,2.02,0.0477,0.3335
5,7,3,3,5,3,HUSK,walking,300,65000,0.56333,12.00,2.50,3,4.16,0.1088,6.25,0.0716,0.3335
5,7,3,3,5,3,HUSK,responsive,300,65000,1.00000,12.00,2.50,3,8.00,0.1616,9.22,0.0666,0.3335
5,7,3,3,5,3,HUSK,omnivision,300,65000,0.95333,12.00,2.50,3,7.11,0.1867,8.53,0.0713,0.3335
5,7,3,4,7,5,SKELETON,stationary,300,65000,0.00333,16.47,3.86,5,0.00,0.0000,0.00,0.0471,0.3190
5,7,3,4,7,5,SKELETON,cautious,300,65000,0.09000,16.47,3.86,5,1.76,0.0613,3.32,0.0596,0.3190
5,7,3,4,7,5,SKELETON,walking,300,65000,0.53000,16.47,3.86,5,5.87,0.1541,8.08,0.0939,0.3190
5,7,3,4,7,5,SKELETON,responsive,300,65000,0.94000,16.47,3.86,5,11.08,0.2259,12.59,0.0941,0.3190
5,7,3,4,7,5,SKELETON,omnivision,300,65000,0.88333,16.47,3.86,5,9.13,0.2409,11.25,0.1102,0.3190
5,7,3,9,16,2,SPIDER,stationary,300,65000,0.07000,8.29,1.48,2,0.00,0.0000,0.00,0.0342,0.4350
5,7,3,9,16,2,SPIDER,cautious,300,65000,0.12333,8.29,1.48,2,0.58,0.0202,1.37,0.0374,0.4350
5,7,3,9,16,2,SPIDER,walking,300,65000,0.46333,8.29,1.48,2,2.00,0.0519,4.11,0.0491,0.4350
5,7,3,9,16,2,SPIDER,responsive,300,65000,0.97000,8.29,1.48,2,4.44,0.0887,7.09,0.0622,0.4350
5,7,3,9,16,2,SPIDER,omnivision,300,65000,0.95667,8.29,1.48,2,4.13,0.1074,7.16,0.0542,0.4350
5,7,3,4,6,3,CREEPER,stationary,300,65000,0.39667,14.99,2.43,3,0.00,0.0000,0.00,0.0797,0.3915
5,7,3,4,6,3,CREEPER,cautious,300,65000,0.49333,14.99,2.43,3,0.59,0.0204,1.44,0.0726,0.3915
5,7,3,4,6,3,CREEPER,walking,300,65000,0.58000,14.99,2.43,3,1.06,0.0277,2.18,0.0590,0.3915
5,7,3,4,6,3,CREEPER,responsive,300,65000,0.96000,14.99,2.43,3,2.85,0.0570,4.49,0.0485,0.3915
5,7,3,4,6,3,CREEPER,omnivision,300,65000,1.00000,14.99,2.43,3,2.81,0.0731,4.68,0.0449,0.3915
5,7,4,6,9,2,ZOMBIE,stationary,300,65000,0.02667,8.14,1.62,2,0.00,0.0000,0.00,0.0357,0.4290
5,7,4,6,9,2,ZOMBIE,cautious,300,65000,0.11333,8.14,1.62,2,0.91,0.0263,1.83,0.0395,0.4290
5,7,4,6,9,2,ZOMBIE,walking,300,65000,0.47667,8.14,1.62,2,2.95,0.0643,4.65,0.0500,0.4290
5,7,4,6,9,2,ZOMBIE,responsive,300,65000,0.97333,8.14,1.62,2,6.15,0.1029,7.98,0.0574,0.4290
5,7,4,6,9,2,ZOMBIE,omnivision,300,65000,0.95000,8.14,1.62,2,5.95,0.1298,7.59,0.0553,0.4290
5,7,4,7,9,3,HUSK,stationary,300,65000,0.04000,12.36,2.36,3,0.00,0.0000,0.00,0.0429,0.3795
5,7,4,7,9,3,HUSK,cautious,300,65000,0.10333,12.36,2.36,3,0.99,0.0289,1.84,0.0489,0.3795
5,7,4,7,9,3,HUSK,walking,300,65000,0.45333,12.36,2.36,3,3.42,0.0744,5.13,0.0574,0.3795
5,7,4,7,9,3,HUSK,responsive,300,65000,0.99000,12.36,2.36,3,7.07,0.1182,8.71,0.0636,0.3795
5,7,4,7,9,3,HUSK,omnivision,300,65000,0.96333,12.36,2.36,3,8.15,0.1776,9.43,0.0615,0.3795
5,7,4,4,5,3,SKELETON,stationary,300,65000,0.03000,12.00,2.46,3,0.00,0.0000,0.00,0.0403,0.3630
5,7,4,4,5,3,SKELETON,cautious,300,65000,0.12000,12.00,2.46,3,1.41,0.0411,2.53,0.0479,0.3630
5,7,4,4,5,3,SKELETON,walking,300,65000,0.60667,12.00,2.46,3,4.93,0.1079,6.58,0.0584,0.3630
5,7,4,4,5,3,SKELETON,responsive,300,65000,0.98000,12.00,2.46,3,8.47,0.1425,9.80,0.0609,0.3630
5,7,4,4,5,3,SKELETON,omnivision,300,65000,0.95000,12.00,2.46,3,7.94,0.1741,8.92,0.0601,0.3630
5,7,4,13,19,2,SPIDER,stationary,300,65000,0.08000,8.60,1.36,2,0.00,0.0000,0.00,0.0288,0.4950
5,7,4,13,19,2,SPIDER,cautious,300,65000,0.14000,8.60,1.36,2,0.43,0.0124,0.97,0.0309,0.4950
5,7,4,13,19,2,SPIDER,walking,300,65000,0.33667,8.60,1.36,2,1.43,0.0310,2.69,0.0398,0.4950
5,7,4,13,19,2,SPIDER,responsive,300,65000,0.91667,8.60,1.36,2,4.18,0.0696,6.50,0.0535,0.4950
5,7,4,13,19,2,SPIDER,omnivision,300,65000,0.94000,8.60,1.36,2,4.05,0.0880,6.58,0.0531,0.4950
5,7,4,4,7,2,CREEPER,stationary,300,65000,0.48333,10.86,1.62,2,0.00,0.0000,0.00,0.0633,0.4455
5,7,4,4,7,2,CREEPER,cautious,300,65000,0.56333,10.86,1.62,2,0.43,0.0126,0.96,0.0523,0.4455
5,7,4,4,7,2,CREEPER,walking,300,65000,0.64000,10.86,1.62,2,0.69,0.0150,1.28,0.0501,0.4455
5,7,4,4,7,2,CREEPER,responsive,300,65000,0.89667,10.86,1.62,2,1.97,0.0329,3.19,0.0349,0.4455
5,7,4,4,7,2,CREEPER,omnivision,300,65000,1.00000,10.86,1.62,2,2.30,0.0500,3.47,0.0311,0.4455
9,7,0,4,5,11,ZOMBIE,stationary,300,65000,0.01000,24.50,8.21,11,0.00,0.0000,0.00,0.0633,0.2210
9,7,0,4,5,11,ZOMBIE,cautious,300,65000,0.24000,24.50,8.21,11,4.42,0.1548,5.74,0.1070,0.2210
9,7,0,4,5,11,ZOMBIE,walking,300,65000,0.86667,24.50,8.21,11,10.80,0.2856,10.73,0.1140,0.2210
9,7,0,4,5,11,ZOMBIE,responsive,300,65000,0.92000,24.50,8.21,11,12.08,0.2507,13.26,0.1054,0.2210
9,7,0,4,5,11,ZOMBIE,omnivision,300,65000,0.90000,24.50,8.21,11,10.83,0.2879,11.04,0.1093,0.2210
9,7,0,3,4,15,HUSK,stationary,300,65000,0.00000,30.00,11.10,15,0.00,0.0000,0.00,0.0495,0.1955
9,7,0,3,4,15,HUSK,cautious,300,65000,0.20333,30.00,11.10,15,5.81,0.2040,5.78,0.1297,0.1955
9,7,0,3,4,15,HUSK,walking,300,65000,0.74667,30.00,11.10,15,12.03,0.3235,11.53,0.1394,0.1955
9,7,0,3,4,15,HUSK,responsive,300,65000,0.73000,30.00,11.10,15,13.66,0.2879,16.80,0.1174,0.1955
9,7,0,3,4,15,HUSK,omnivision,300,65000,0.74333,30.00,11.10,15,12.00,0.3232,11.69,0.1393,0.1955
9,7,0,2,4,17,SKELETON,stationary,300,65000,0.00000,34.00,12.50,17,0.00,0.0000,0.00,0.0612,0.1870
9,7,0,2,4,17,SKELETON,cautious,300,65000,0.27667,34.00,12.50,17,5.99,0.2105,7.07,0.1474,0.1870
9,7,0,2,4,17,SKELETON,walking,300,65000,0.80333,34.00,12.50,17,10.68,0.2865,11.92,0.1488,0.1870
9,7,0,2,4,17,SKELETON,responsive,300,65000,0.85333,34.00,12.50,17,13.07,0.2744,15.47,0.1354,0.1870
9,7,0,2,4,17,SKELETON,omnivision,300,65000,0.79667,34.00,12.50,17,10.60,0.2851,11.97,0.1429,0.1870
9,7,0,4,7,10,SPIDER,stationary,300,65000,0.01000,23.43,7.14,10,0.00,0.0000,0.00,0.0597,0.2550
9,7,0,4,7,10,SPIDER,cautious,300,65000,0.24333,23.43,7.14,10,4.22,0.1475,5.99,0.0942,0.2550
9,7,0,4,7,10,SPIDER,walking,300,65000,0.84667,23.43,7.14,10,9.87,0.2586,10.35,0.1021,0.2550
9,7,0,4,7,10,SPIDER,responsive,300,65000,0.97333,23.43,7.14,10,13.10,0.2683,12.71,0.0866,0.2550
9,7,0,4,7,10,SPIDER,omnivision,300,65000,0.95000,23.43,7.14,10,10.42,0.2740,10.92,0.0993,0.2550
9,7,0,3,4,16,CREEPER,stationary,300,65000,0.20000,45.82,11.32,16,0.00,0.0000,0.00,0.1226,0.2430
9,7,0,3,4,16,CREEPER,cautious,300,65000,0.57000,45.82,11.32,16,1.77,0.0615,3.90,0.1334,0.2430
9,7,0,3,4,16,CREEPER,walking,300,65000,0.75000,45.82,11.32,16,3.46,0.0898,5.59,0.0916,0.2430
9,7,0,3,4,16,CREEPER,responsive,300,65000,1.00000,45.82,11.32,16,5.47,0.1097,7.57,0.0810,0.2430
9,7,0,3,4,16,CREEPER,omnivision,300,65000,1.00000,45.82,11.32,16,4.66,0.1211,7.01,0.0832,0.2430
9,7,1,3,6,7,ZOMBIE,stationary,300,65000,0.03000,20.99,5.47,7,0.00,0.0000,0.00,0.0469,0.2730
9,7,1,3,6,7,ZOMBIE,cautious,300,65000,0.22667,20.99,5.47,7,2.74,0.0955,4.19,0.0676,0.2730
9,7,1,3,6,7,ZOMBIE,walking,300,65000,0.83333,20.99,5.47,7,7.33,0.1918,8.61,0.0874,0.2730
9,7,1,3,6,7,ZOMBIE,responsive,300,65000,0.97667,20.99,5.47,7,9.91,0.2019,9.60,0.0765,0.2730
9,7,1,3,6,7,ZOMBIE,omnivision,300,65000,0.96000,20.99,5.47,7,7.97,0.2091,9.02,0.0805,0.2730
9,7,1,5,6,13,HUSK,stationary,300,65000,0.00333,27.41,8.94,13,0.00,0.0000,0.00,0.0541,0.2415
9,7,1,5,6,13,HUSK,cautious,300,65000,0.11333,27.41,8.94,13,4.87,0.1704,5.60,0.0990,0.2415
9,7,1,5,6,13,HUSK,walking,300,65000,0.64000,27.41,8.94,13,12.56,0.3335,10.72,0.1301,0.2415
9,7,1,5,6,13,HUSK,responsive,300,65000,0.88000,27.41,8.94,13,17.32,0.3633,15.52,0.1248,0.2415
9,7,1,5,6,13,HUSK,omnivision,300,65000,0.75333,27.41,8.94,13,13.57,0.3624,11.41,0.1293,0.2415
9,7,1,3,6,16,SKELETON,stationary,300,65000,0.00000,33.44,10.66,16,0.00,0.0000,0.00,0.0600,0.2310
9,7,1,3,6,16,SKELETON,cautious,300,65000,0.19667,33.44,10.66,16,5.20,0.1821,6.99,0.1236,0.2310
9,7,1,3,6,16,SKELETON,walking,300,65000,0.75667,33.44,10.66,16,11.38,0.3027,11.77,0.1397,0.2310
9,7,1,3,6,16,SKELETON,responsive,300,65000,0.92667,33.44,10.66,16,14.65,0.3080,15.39,0.1272,0.2310
9,7,1,3,6,16,SKELETON,omnivision,300,65000,0.83000,33.44,10.66,16,11.98,0.3194,12.56,0.1419,0.2310
9,7,1,6,11,7,SPIDER,stationary,300,65000,0.02333,18.46,4.68,7,0.00,0.0000,0.00,0.0531,0.3150
9,7,1,6,11,7,SPIDER,cautious,300,65000,0.22667,18.46,4.68,7,2.97,0.1034,5.09,0.0724,0.3150
9,7,1,6,11,7,SPIDER,walking,300,65000,0.77000,18.46,4.68,7,7.66,0.1992,9.05,0.0815,0.3150
9,7,1,6,11,7,SPIDER,responsive,300,65000,0.98667,18.46,4.68,7,10.97,0.2209,10.37,0.0688,0.3150
9,7,1,6,11,7,SPIDER,omnivision,300,65000,0.95667,18.46,4.68,7,9.03,0.2350,9.99,0.0810,0.3150
9,7,1,2,6,7,CREEPER,stationary,300,65000,0.43333,25.10,5.45,7,0.00,0.0000,0.00,0.0976,0.2835
9,7,1,2,6,7,CREEPER,cautious,300,65000,0.66333,25.10,5.45,7,0.88,0.0306,2.20,0.0957,0.2835
9,7,1,2,6,7,CREEPER,walking,300,65000,0.75667,25.10,5.45,7,1.83,0.0475,3.48,0.0661,0.2835
9,7,1,2,6,7,CREEPER,responsive,300,65000,1.00000,25.10,5.45,7,3.67,0.0730,5.16,0.0551,0.2835
9,7,1,2,6,7,CREEPER,omnivision,300,65000,1.00000,25.10,5.45,7,3.05,0.0789,4.83,0.0593,0.2835
9,7,2,7,9,8,ZOMBIE,stationary,300,65000,0.03333,20.43,4.83,8,0.00,0.0000,0.00,0.0471,0.3250
9,7,2,7,9,8,ZOMBIE,cautious,300,65000,0.21333,20.43,4.83,8,2.10,0.0731,3.98,0.0647,0.3250
9,7,2,7,9,8,ZOMBIE,walking,300,65000,0.78333,20.43,4.83,8,6.08,0.1578,8.42,0.0814,0.3250
9,7,2,7,9,8,ZOMBIE,responsive,300,65000,0.98667,20.43,4.83,8,9.81,0.1969,10.71,0.0743,0.3250
9,7,2,7,9,8,ZOMBIE,omnivision,300,65000,0.95000,20.43,4.83,8,7.80,0.2030,9.56,0.0738,0.3250
9,7,2,3,7,9,HUSK,stationary,300,65000,0.00667,23.42,6.67,9,0.00,0.0000,0.00,0.0444,0.2875
9,7,2,3,7,9,HUSK,cautious,300,65000,0.12667,23.42,6.67,9,3.71,0.1292,5.02,0.0810,0.2875
9,7,2,3,7,9,HUSK,walking,300,65000,0.60000,23.42,6.67,9,10.00,0.2626,9.40,0.1049,0.2875
9,7,2,3,7,9,HUSK,responsive,300,65000,0.92000,23.42,6.67,9,16.49,0.3376,12.45,0.0984,0.2875
9,7,2,3,7,9,HUSK,omnivision,300,65000,0.79667,23.42,6.67,9,12.29,0.3230,10.48,0.1050,0.2875
9,7,2,4,6,11,SKELETON,stationary,300,65000,0.00667,27.37,7.84,11,0.00,0.0000,0.00,0.0574,0.2750
9,7,2,4,6,11,SKELETON,cautious,300,65000,0.17000,27.37,7.84,11,4.04,0.1410,5.87,0.0997,0.2750
9,7,2,4,6,11,SKELETON,walking,300,65000,0.70333,27.37,7.84,11,9.85,0.2584,11.25,0.1131,0.2750
9,7,2,4,6,11,SKELETON,responsive,300,65000,0.95333,27.37,7.84,11,14.76,0.3025,13.70,0.1037,0.2750
9,7,2,4,6,11,SKELETON,omnivision,300,65000,0.90333,27.37,7.84,11,11.15,0.2929,12.34,0.1119,0.2750
9,7,2,8,12,5,SPIDER,stationary,300,65000,0.04333,15.79,3.45,5,0.00,0.0000,0.00,0.0456,0.3750
9,7,2,8,12,5,SPIDER,cautious,300,65000,0.22667,15.79,3.45,5,1.66,0.0578,3.35,0.0570,0.3750
9,7,2,8,12,5,SPIDER,walking,300,65000,0.68000,15.79,3.45,5,5.46,0.1415,7.71,0.0733,0.3750
9,7,2,8,12,5,SPIDER,responsive,300,65000,0.98667,15.79,3.45,5,9.26,0.1849,9.91,0.0687,0.3750
9,7,2,8,12,5,SPIDER,omnivision,300,65000,0.98333,15.79,3.45,5,7.48,0.1940,9.31,0.0702,0.3750
9,7,2,3,6,6,CREEPER,stationary,300,65000,0.45667,24.55,4.68,6,0.00,0.0000,0.00,0.0864,0.3375
9,7,2,3,6,6,CREEPER,cautious,300,65000,0.58000,24.55,4.68,6,0.62,0.0216,1.55,0.0729,0.3375
9,7,2,3,6,6,CREEPER,walking,300,65000,0.66667,24.55,4.68,6,1.26,0.0326,2.40,0.0649,0.3375
9,7,2,3,6,6,CREEPER,responsive,300,65000,1.00000,24.55,4.68,6,3.42,0.0680,4.82,0.0504,0.3375
9,7,2,3,6,6,CREEPER,omnivision,300,65000,1.00000,24.55,4.68,6,2.97,0.0769,4.62,0.0494,0.3375
9,7,3,5,7,6,ZOMBIE,stationary,300,65000,0.03333,21.83,4.54,6,0.00,0.0000,0.00,0.0434,0.3770
9,7,3,5,7,6,ZOMBIE,cautious,300,65000,0.09000,21.83,4.54,6,1.15,0.0401,2.37,0.0473,0.3770
9,7,3,5,7,6,ZOMBIE,walking,300,65000,0.56000,21.83,4.54,6,4.83,0.1252,7.34,0.0785,0.3770
9,7,3,5,7,6,ZOMBIE,responsive,300,65000,0.97333,21.83,4.54,6,9.28,0.1860,10.95,0.0774,0.3770
9,7,3,5,7,6,ZOMBIE,omnivision,300,65000,0.93000,21.83,4.54,6,7.80,0.2027,10.11,0.0786,0.3770
9,7,3,3,5,6,HUSK,stationary,300,65000,0.01000,18.00,4.84,6,0.00,0.0000,0.00,0.0391,0.3335
9,7,3,3,5,6,HUSK,cautious,300,65000,0.14667,18.00,4.84,6,2.68,0.0934,4.38,0.0674,0.3335
9,7,3,3,5,6,HUSK,walking,300,65000,0.56333,18.00,4.84,6,7.84,0.2055,8.16,0.0865,0.3335
9,7,3,3,5,6,HUSK,responsive,300,65000,0.93667,18.00,4.84,6,14.27,0.2911,11.22,0.0816,0.3335
9,7,3,3,5,6,HUSK,omnivision,300,65000,0.82000,18.00,4.84,6,10.24,0.2688,9.83,0.0935,0.3335
9,7,3,4,7,9,SKELETON,stationary,300,65000,0.00667,25.61,6.44,9,0.00,0.0000,0.00,0.0526,0.3190
9,7,3,4,7,9,SKELETON,cautious,300,65000,0.11333,25.61,6.44,9,2.95,0.1027,4.98,0.0835,0.3190
9,7,3,4,7,9,SKELETON,walking,300,65000,0.57000,25.61,6.44,9,8.20,0.2143,9.92,0.0970,0.3190
9,7,3,4,7,9,SKELETON,responsive,300,65000,0.97333,25.61,6.44,9,13.70,0.2781,13.18,0.0927,0.3190
9,7,3,4,7,9,SKELETON,omnivision,300,65000,0.90667,25.61,6.44,9,10.69,0.2796,12.13,0.0999,0.3190
9,7,3,9,16,5,SPIDER,stationary,300,65000,0.07333,13.30,2.57,5,0.00,0.0000,0.00,0.0362,0.4350
9,7,3,9,16,5,SPIDER,cautious,300,65000,0.21333,13.30,2.57,5,0.92,0.0320,2.00,0.0466,0.4350
9,7,3,9,16,5,SPIDER,walking,300,65000,0.58000,13.30,2.57,5,3.50,0.0906,5.78,0.0593,0.4350
9,7,3,9,16,5,SPIDER,responsive,300,65000,0.97667,13.30,2.57,5,6.68,0.1328,8.38,0.0609,0.4350
9,7,3,9,16,5,SPIDER,omnivision,300,65000,0.97333,13.30,2.57,5,6.08,0.1576,8.30,0.0621,0.4350
9,7,3,4,6,6,CREEPER,stationary,300,65000,0.37000,27.67,4.59,6,0.00,0.0000,0.00,0.0752,0.3915
9,7,3,4,6,6,CREEPER,cautious,300,65000,0.48000,27.67,4.59,6,0.50,0.0175,1.29,0.0725,0.3915
9,7,3,4,6,6,CREEPER,walking,300,65000,0.58667,27.67,4.59,6,1.03,0.0267,1.99,0.0641,0.3915
9,7,3,4,6,6,CREEPER,responsive,300,65000,0.96333,27.67,4.59,6,3.12,0.0621,4.81,0.0529,0.3915
9,7,3,4,6,6,CREEPER,omnivision,300,65000,1.00000,27.67,4.59,6,3.14,0.0813,4.90,0.0498,0.3915
9,7,4,6,9,5,ZOMBIE,stationary,300,65000,0.03333,19.54,3.67,5,0.00,0.0000,0.00,0.0373,0.4290
9,7,4,6,9,5,ZOMBIE,cautious,300,65000,0.10333,19.54,3.67,5,1.01,0.0291,2.01,0.0435,0.4290
9,7,4,6,9,5,ZOMBIE,walking,300,65000,0.45333,19.54,3.67,5,3.50,0.0756,5.58,0.0569,0.4290
9,7,4,6,9,5,ZOMBIE,responsive,300,65000,0.97667,19.54,3.67,5,8.14,0.1352,9.95,0.0619,0.4290
9,7,4,6,9,5,ZOMBIE,omnivision,300,65000,0.96667,19.54,3.67,5,7.33,0.1588,9.14,0.0590,0.4290
9,7,4,7,9,7,HUSK,stationary,300,65000,0.00667,20.43,4.67,7,0.00,0.0000,0.00,0.0379,0.3795
9,7,4,7,9,7,HUSK,cautious,300,65000,0.12667,20.43,4.67,7,2.82,0.0820,4.24,0.0571,0.3795
9,7,4,7,9,7,HUSK,walking,300,65000,0.44667,20.43,4.67,7,8.37,0.1825,8.28,0.0696,0.3795
9,7,4,7,9,7,HUSK,responsive,300,65000,0.96333,20.43,4.67,7,17.82,0.3009,13.53,0.0821,0.3795
9,7,4,7,9,7,HUSK,omnivision,300,65000,0.91000,20.43,4.67,7,13.52,0.2952,12.06,0.0846,0.3795
9,7,4,4,5,7,SKELETON,stationary,300,65000,0.01667,23.36,5.41,7,0.00,0.0000,0.00,0.0446,0.3630
9,7,4,4,5,7,SKELETON,cautious,300,65000,0.15333,23.36,5.41,7,2.48,0.0723,3.94,0.0608,0.3630
9,7,4,4,5,7,SKELETON,walking,300,65000,0.54333,23.36,5.41,7,7.75,0.1691,8.42,0.0749,0.3630
9,7,4,4,5,7,SKELETON,responsive,300,65000,0.98667,23.36,5.41,7,13.59,0.2296,12.24,0.0737,0.3630
9,7,4,4,5,7,SKELETON,omnivision,300,65000,0.94333,23.36,5.41,7,11.17,0.2439,11.28,0.0805,0.3630
9,7,4,13,19,5,SPIDER,stationary,300,65000,0.13667,10.47,1.82,3,0.00,0.0000,0.00,0.0302,0.4950
9,7,4,13,19,5,SPIDER,cautious,300,65000,0.24000,10.47,1.82,3,0.64,0.0186,1.36,0.0358,0.4950
9,7,4,13,19,5,SPIDER,walking,300,65000,0.52000,10.47,1.82,3,2.31,0.0498,3.73,0.0390,0.4950
9,7,4,13,19,5,SPIDER,responsive,300,65000,0.96333,10.47,1.82,3,4.90,0.0811,6.65,0.0464,0.4950
9,7,4,13,19,5,SPIDER,omnivision,300,65000,0.98000,10.47,1.82,3,5.05,0.1089,6.85,0.0446,0.4950
9,7,4,4,7,5,CREEPER,stationary,300,65000,0.40667,25.50,3.76,5,0.00,0.0000,0.00,0.0674,0.4455
9,7,4,4,7,5,CREEPER,cautious,300,65000,0.51667,25.50,3.76,5,0.50,0.0146,1.14,0.0665,0.4455
9,7,4,4,7,5,CREEPER,walking,300,65000,0.54000,25.50,3.76,5,0.83,0.0180,1.47,0.0619,0.4455
9,7,4,4,7,5,CREEPER,responsive,300,65000,0.85667,25.50,3.76,5,2.84,0.0470,4.16,0.0471,0.4455
9,7,4,4,7,5,CREEPER,omnivision,300,65000,1.00000,25.50,3.76,5,3.45,0.0745,4.87,0.0451,0.4455
15,9,0,4,5,11,ZOMBIE,stationary,300,65000,0.13000,22.00,8.25,11,0.00,0.0000,0.00,0.0670,0.2210
15,9,0,4,5,11,ZOMBIE,cautious,300,65000,0.46000,22.00,8.25,11,3.71,0.1292,4.47,0.0810,0.2210
15,9,0,4,5,11,ZOMBIE,walking,300,65000,0.98667,22.00,8.25,11,6.82,0.1772,6.83,0.0592,0.2210
15,9,0,4,5,11,ZOMBIE,responsive,300,65000,0.99667,22.00,8.25,11,8.31,0.1682,8.71,0.0539,0.2210
15,9,0,4,5,11,ZOMBIE,omnivision,300,65000,1.00000,22.00,8.25,11,6.74,0.1753,7.05,0.0572,0.2210
15,9,0,3,4,15,HUSK,stationary,300,65000,0.04333,25.20,11.17,15,0.00,0.0000,0.00,0.0548,0.1955
15,9,0,3,4,15,HUSK,cautious,300,65000,0.31667,25.20,11.17,15,6.00,0.2092,5.18,0.1139,0.1955
15,9,0,3,4,15,HUSK,walking,300,65000,0.89333,25.20,11.17,15,11.07,0.2928,8.84,0.0913,0.1955
15,9,0,3,4,15,HUSK,responsive,300,65000,0.93667,25.20,11.17,15,13.14,0.2719,15.52,0.0854,0.1955
15,9,0,3,4,15,HUSK,omnivision,300,65000,0.89333,25.20,11.17,15,11.17,0.2955,8.95,0.0905,0.1955
15,9,0,2,4,17,SKELETON,stationary,300,65000,0.05667,30.41,12.67,17,0.00,0.0000,0.00,0.0673,0.1870
15,9,0,2,4,17,SKELETON,cautious,300,65000,0.50000,30.41,12.67,17,6.35,0.2217,6.13,0.1326,0.1870
15,9,0,2,4,17,SKELETON,walking,300,65000,0.95667,30.41,12.67,17,9.38,0.2472,9.19,0.0870,0.1870
15,9,0,2,4,17,SKELETON,responsive,300,65000,0.97000,30.41,12.67,17,11.29,0.2313,14.09,0.0751,0.1870
15,9,0,2,4,17,SKELETON,omnivision,300,65000,0.95333,30.41,12.67,17,9.29,0.2450,9.21,0.0860,0.1870
15,9,0,4,7,10,SPIDER,stationary,300,65000,0.09667,20.86,7.23,10,0.00,0.0000,0.00,0.0606,0.2550
15,9,0,4,7,10,SPIDER,cautious,300,65000,0.50000,20.86,7.23,10,3.83,0.1331,5.22,0.0781,0.2550
15,9,0,4,7,10,SPIDER,walking,300,65000,0.95667,20.86,7.23,10,8.34,0.2169,7.30,0.0588,0.2550
15,9,0,4,7,10,SPIDER,responsive,300,65000,0.99333,20.86,7.23,10,9.66,0.1943,8.36,0.0529,0.2550
15,9,0,4,7,10,SPIDER,omnivision,300,65000,0.98000,20.86,7.23,10,8.58,0.2231,7.29,0.0553,0.2550
15,9,0,3,4,16,CREEPER,stationary,300,65000,0.56333,45.82,11.32,16,0.00,0.0000,0.00,0.0932,0.2430
15,9,0,3,4,16,CREEPER,cautious,300,65000,0.76667,45.82,11.32,16,0.84,0.0293,2.12,0.0675,0.2430
15,9,0,3,4,16,CREEPER,walking,300,65000,0.88000,45.82,11.32,16,1.73,0.0448,3.22,0.0481,0.2430
15,9,0,3,4,16,CREEPER,responsive,300,65000,1.00000,45.82,11.32,16,3.06,0.0608,4.19,0.0472,0.2430
15,9,0,3,4,16,CREEPER,omnivision,300,65000,1.00000,45.82,11.32,16,2.25,0.0581,3.83,0.0504,0.2430
15,9,1,3,6,7,ZOMBIE,stationary,300,65000,0.24333,19.08,5.49,7,0.00,0.0000,0.00,0.0503,0.2730
15,9,1,3,6,7,ZOMBIE,cautious,300,65000,0.62000,19.08,5.49,7,2.21,0.0771,3.59,0.0511,0.2730
15,9,1,3,6,7,ZOMBIE,walking,300,65000,0.96333,19.08,5.49,7,4.08,0.1057,5.07,0.0502,0.2730
15,9,1,3,6,7,ZOMBIE,responsive,300,65000,1.00000,19.08,5.49,7,5.83,0.1166,5.84,0.0426,0.2730
15,9,1,3,6,7,ZOMBIE,omnivision,300,65000,0.99667,19.08,5.49,7,4.43,0.1151,5.30,0.0481,0.2730
15,9,1,5,6,13,HUSK,stationary,300,65000,0.05000,23.69,8.99,13,0.00,0.0000,0.00,0.0581,0.2415
15,9,1,5,6,13,HUSK,cautious,300,65000,0.31000,23.69,8.99,13,4.85,0.1686,5.42,0.0876,0.2415
15,9,1,5,6,13,HUSK,walking,300,65000,0.90667,23.69,8.99,13,11.86,0.3100,7.98,0.0797,0.2415
15,9,1,5,6,13,HUSK,responsive,300,65000,0.98667,23.69,8.99,13,14.72,0.2999,11.90,0.0680,0.2415
15,9,1,5,6,13,HUSK,omnivision,300,65000,0.95000,23.69,8.99,13,12.25,0.3202,8.13,0.0760,0.2415
15,9,1,3,6,16,SKELETON,stationary,300,65000,0.03333,29.68,10.83,16,0.00,0.0000,0.00,0.0628,0.2310
15,9,1,3,6,16,SKELETON,cautious,300,65000,0.38667,29.68,10.83,16,4.58,0.1594,5.79,0.0990,0.2310
15,9,1,3,6,16,SKELETON,walking,300,65000,0.95333,29.68,10.83,16,9.99,0.2609,8.88,0.0908,0.2310
15,9,1,3,6,16,SKELETON,responsive,300,65000,0.99667,29.68,10.83,16,11.66,0.2369,11.96,0.0714,0.2310
15,9,1,3,6,16,SKELETON,omnivision,300,65000,0.98333,29.68,10.83,16,10.25,0.2675,8.96,0.0880,0.2310
15,9,1,6,11,7,SPIDER,stationary,300,65000,0.18000,16.12,4.83,7,0.00,0.0000,0.00,0.0480,0.3150
15,9,1,6,11,7,SPIDER,cautious,300,65000,0.56333,16.12,4.83,7,2.84,0.0987,4.61,0.0573,0.3150
15,9,1,6,11,7,SPIDER,walking,300,65000,0.94333,16.12,4.83,7,6.52,0.1687,6.05,0.0500,0.3150
15,9,1,6,11,7,SPIDER,responsive,300,65000,1.00000,16.12,4.83,7,9.17,0.1828,6.32,0.0434,0.3150
15,9,1,6,11,7,SPIDER,omnivision,300,65000,0.98667,16.12,4.83,7,6.73,0.1742,6.15,0.0499,0.3150
15,9,1,2,6,7,CREEPER,stationary,300,65000,0.74667,25.10,5.45,7,0.00,0.0000,0.00,0.0629,0.2835
15,9,1,2,6,7,CREEPER,cautious,300,65000,0.84333,25.10,5.45,7,0.41,0.0143,1.09,0.0482,0.2835
15,9,1,2,6,7,CREEPER,walking,300,65000,0.91667,25.10,5.45,7,0.85,0.0219,1.68,0.0373,0.2835
15,9,1,2,6,7,CREEPER,responsive,300,65000,1.00000,25.10,5.45,7,1.70,0.0337,2.35,0.0324,0.2835
15,9,1,2,6,7,CREEPER,omnivision,300,65000,1.00000,25.10,5.45,7,1.24,0.0320,2.12,0.0306,0.2835
15,9,2,7,9,8,ZOMBIE,stationary,300,65000,0.18000,20.43,5.30,8,0.00,0.0000,0.00,0.0449,0.3250
15,9,2,7,9,8,ZOMBIE,cautious,300,65000,0.49667,20.43,5.30,8,1.93,0.0671,3.69,0.0508,0.3250
15,9,2,7,9,8,ZOMBIE,walking,300,65000,0.96333,20.43,5.30,8,4.09,0.1058,5.89,0.0517,0.3250
15,9,2,7,9,8,ZOMBIE,responsive,300,65000,1.00000,20.43,5.30,8,5.82,0.1161,6.51,0.0486,0.3250
15,9,2,7,9,8,ZOMBIE,omnivision,300,65000,0.99667,20.43,5.30,8,4.31,0.1114,6.09,0.0457,0.3250
15,9,2,3,7,9,HUSK,stationary,300,65000,0.05000,18.00,6.78,9,0.00,0.0000,0.00,0.0492,0.2875
15,9,2,3,7,9,HUSK,cautious,300,65000,0.41000,18.00,6.78,9,4.28,0.1488,5.51,0.0773,0.2875
15,9,2,3,7,9,HUSK,walking,300,65000,0.85000,18.00,6.78,9,10.19,0.2648,7.54,0.0665,0.2875
15,9,2,3,7,9,HUSK,responsive,300,65000,0.99000,18.00,6.78,9,14.99,0.3015,8.61,0.0555,0.2875
15,9,2,3,7,9,HUSK,omnivision,300,65000,0.92667,18.00,6.78,9,11.29,0.2932,7.90,0.0651,0.2875
15,9,2,4,6,11,SKELETON,stationary,300,65000,0.05667,23.66,7.94,11,0.00,0.0000,0.00,0.0563,0.2750
15,9,2,4,6,11,SKELETON,cautious,300,65000,0.36667,23.66,7.94,11,3.76,0.1307,5.44,0.0760,0.2750
15,9,2,4,6,11,SKELETON,walking,300,65000,0.93333,23.66,7.94,11,8.84,0.2294,8.04,0.0635,0.2750
15,9,2,4,6,11,SKELETON,responsive,300,65000,0.99667,23.66,7.94,11,11.11,0.2239,8.58,0.0553,0.2750
15,9,2,4,6,11,SKELETON,omnivision,300,65000,0.98333,23.66,7.94,11,9.04,0.2348,8.09,0.0641,0.2750
15,9,2,8,12,5,SPIDER,stationary,300,65000,0.23000,13.56,3.52,5,0.00,0.0000,0.00,0.0386,0.3750
15,9,2,8,12,5,SPIDER,cautious,300,65000,0.53667,13.56,3.52,5,2.02,0.0702,3.73,0.0430,0.3750
15,9,2,8,12,5,SPIDER,walking,300,65000,0.90667,13.56,3.52,5,4.88,0.1261,5.25,0.0414,0.3750
15,9,2,8,12,5,SPIDER,responsive,300,65000,1.00000,13.56,3.52,5,7.91,0.1572,5.95,0.0396,0.3750
15,9,2,8,12,5,SPIDER,omnivision,300,65000,0.99000,13.56,3.52,5,5.25,0.1359,5.63,0.0418,0.3750
15,9,2,3,6,6,CREEPER,stationary,300,65000,0.77333,24.55,4.68,6,0.00,0.0000,0.00,0.0481,0.3375
15,9,2,3,6,6,CREEPER,cautious,300,65000,0.85000,24.55,4.68,6,0.33,0.0113,0.87,0.0399,0.3375
15,9,2,3,6,6,CREEPER,walking,300,65000,0.86000,24.55,4.68,6,0.62,0.0161,1.22,0.0304,0.3375
15,9,2,3,6,6,CREEPER,responsive,300,65000,1.00000,24.55,4.68,6,1.44,0.0285,2.11,0.0258,0.3375
15,9,2,3,6,6,CREEPER,omnivision,300,65000,1.00000,24.55,4.68,6,1.23,0.0317,2.09,0.0244,0.3375
15,9,3,5,7,6,ZOMBIE,stationary,300,65000,0.15667,19.66,4.59,6,0.00,0.0000,0.00,0.0382,0.3770
15,9,3,5,7,6,ZOMBIE,cautious,300,65000,0.36000,19.66,4.59,6,1.30,0.0452,2.68,0.0404,0.3770
15,9,3,5,7,6,ZOMBIE,walking,300,65000,0.86000,19.66,4.59,6,3.59,0.0927,5.46,0.0480,0.3770
15,9,3,5,7,6,ZOMBIE,responsive,300,65000,0.99667,19.66,4.59,6,5.47,0.1088,6.26,0.0467,0.3770
15,9,3,5,7,6,ZOMBIE,omnivision,300,65000,0.99667,19.66,4.59,6,4.14,0.1070,5.97,0.0451,0.3770
15,9,3,3,5,6,HUSK,stationary,300,65000,0.09333,15.17,4.88,6,0.00,0.0000,0.00,0.0406,0.3335
15,9,3,3,5,6,HUSK,cautious,300,65000,0.45667,15.17,4.88,6,3.26,0.1134,4.92,0.0620,0.3335
15,9,3,3,5,6,HUSK,walking,300,65000,0.88333,15.17,4.88,6,8.22,0.2131,6.66,0.0594,0.3335
15,9,3,3,5,6,HUSK,responsive,300,65000,0.99000,15.17,4.88,6,12.30,0.2456,7.24,0.0503,0.3335
15,9,3,3,5,6,HUSK,omnivision,300,65000,0.92667,15.17,4.88,6,8.91,0.2310,6.94,0.0585,0.3335
15,9,3,4,7,9,SKELETON,stationary,300,65000,0.05000,21.82,6.56,9,0.00,0.0000,0.00,0.0492,0.3190
15,9,3,4,7,9,SKELETON,cautious,300,65000,0.41333,21.82,6.56,9,3.44,0.1194,5.57,0.0669,0.3190
15,9,3,4,7,9,SKELETON,walking,300,65000,0.91333,21.82,6.56,9,8.09,0.2096,7.68,0.0620,0.3190
15,9,3,4,7,9,SKELETON,responsive,300,65000,0.99667,21.82,6.56,9,11.13,0.2224,8.30,0.0576,0.3190
15,9,3,4,7,9,SKELETON,omnivision,300,65000,0.96667,21.82,6.56,9,8.76,0.2270,8.15,0.0625,0.3190
15,9,3,9,16,5,SPIDER,stationary,300,65000,0.21000,13.09,3.02,5,0.00,0.0000,0.00,0.0309,0.4350
15,9,3,9,16,5,SPIDER,cautious,300,65000,0.47333,13.09,3.02,5,1.47,0.0511,3.00,0.0375,0.4350
15,9,3,9,16,5,SPIDER,walking,300,65000,0.88000,13.09,3.02,5,4.25,0.1099,5.34,0.0402,0.4350
15,9,3,9,16,5,SPIDER,responsive,300,65000,0.98667,13.09,3.02,5,7.24,0.1438,5.71,0.0361,0.4350
15,9,3,9,16,5,SPIDER,omnivision,300,65000,0.98667,13.09,3.02,5,4.89,0.1265,5.78,0.0381,0.4350
15,9,3,4,6,6,CREEPER,stationary,300,65000,0.70667,27.67,4.59,6,0.00,0.0000,0.00,0.0480,0.3915
15,9,3,4,6,6,CREEPER,cautious,300,65000,0.78000,27.67,4.59,6,0.28,0.0097,0.72,0.0422,0.3915
15,9,3,4,6,6,CREEPER,walking,300,65000,0.82000,27.67,4.59,6,0.55,0.0142,1.09,0.0376,0.3915
15,9,3,4,6,6,CREEPER,responsive,300,65000,0.99000,27.67,4.59,6,1.39,0.0276,2.18,0.0297,0.3915
15,9,3,4,6,6,CREEPER,omnivision,300,65000,1.00000,27.67,4.59,6,1.38,0.0357,2.29,0.0273,0.3915
15,9,4,6,9,5,ZOMBIE,stationary,300,65000,0.16333,18.27,3.72,5,0.00,0.0000,0.00,0.0351,0.4290
15,9,4,6,9,5,ZOMBIE,cautious,300,65000,0.35333,18.27,3.72,5,1.03,0.0297,1.98,0.0367,0.4290
15,9,4,6,9,5,ZOMBIE,walking,300,65000,0.78667,18.27,3.72,5,3.12,0.0671,4.58,0.0394,0.4290
15,9,4,6,9,5,ZOMBIE,responsive,300,65000,0.99333,18.27,3.72,5,4.58,0.0757,5.57,0.0386,0.4290
15,9,4,6,9,5,ZOMBIE,omnivision,300,65000,1.00000,18.27,3.72,5,4.03,0.0867,5.45,0.0382,0.4290
15,9,4,7,9,7,HUSK,stationary,300,65000,0.08000,17.26,5.02,7,0.00,0.0000,0.00,0.0436,0.3795
15,9,4,7,9,7,HUSK,cautious,300,65000,0.53000,17.26,5.02,7,4.75,0.1377,6.59,0.0647,0.3795
15,9,4,7,9,7,HUSK,walking,300,65000,0.79333,17.26,5.02,7,10.06,0.2176,7.45,0.0529,0.3795
15,9,4,7,9,7,HUSK,responsive,300,65000,0.98333,17.26,5.02,7,15.15,0.2531,8.60,0.0483,0.3795
15,9,4,7,9,7,HUSK,omnivision,300,65000,0.94667,17.26,5.02,7,11.28,0.2442,7.98,0.0533,0.3795
15,9,4,4,5,7,SKELETON,stationary,300,65000,0.07000,20.67,5.48,7,0.00,0.0000,0.00,0.0423,0.3630
15,9,4,4,5,7,SKELETON,cautious,300,65000,0.51667,20.67,5.48,7,3.65,0.1058,5.21,0.0591,0.3630
15,9,4,4,5,7,SKELETON,walking,300,65000,0.83667,20.67,5.48,7,8.10,0.1751,6.89,0.0463,0.3630
15,9,4,4,5,7,SKELETON,responsive,300,65000,0.99333,20.67,5.48,7,12.00,0.1999,7.91,0.0428,0.3630
15,9,4,4,5,7,SKELETON,omnivision,300,65000,0.98333,20.67,5.48,7,9.08,0.1965,7.62,0.0460,0.3630
15,9,4,13,19,5,SPIDER,stationary,300,65000,0.27667,10.47,2.16,4,0.00,0.0000,0.00,0.0254,0.4950
15,9,4,13,19,5,SPIDER,cautious,300,65000,0.56000,10.47,2.16,4,1.08,0.0312,2.03,0.0300,0.4950
15,9,4,13,19,5,SPIDER,walking,300,65000,0.84667,10.47,2.16,4,3.49,0.0751,3.92,0.0300,0.4950
15,9,4,13,19,5,SPIDER,responsive,300,65000,0.96333,10.47,2.16,4,6.20,0.1027,4.55,0.0291,0.4950
15,9,4,13,19,5,SPIDER,omnivision,300,65000,0.98667,10.47,2.16,4,4.65,0.1001,4.67,0.0265,0.4950
15,9,4,4,7,5,CREEPER,stationary,300,65000,0.70333,25.50,3.76,5,0.00,0.0000,0.00,0.0425,0.4455
15,9,4,4,7,5,CREEPER,cautious,300,65000,0.78000,25.50,3.76,5,0.28,0.0081,0.64,0.0382,0.4455
15,9,4,4,7,5,CREEPER,walking,300,65000,0.76667,25.50,3.76,5,0.46,0.0100,0.86,0.0325,0.4455
15,9,4,4,7,5,CREEPER,responsive,300,65000,0.92667,25.50,3.76,5,1.39,0.0229,2.00,0.0229,0.4455
15,9,4,4,7,5,CREEPER,omnivision,300,65000,1.00000,25.50,3.76,5,1.55,0.0334,2.30,0.0224,0.4455
3,3,0,4,5,1,ZOMBIE,stationary,300,65000,0.03667,3.00,0.87,1,0.00,0.0000,0.00,0.0413,0.2210
3,3,0,4,5,1,ZOMBIE,cautious,300,65000,0.42000,3.00,0.87,1,1.83,0.0659,3.58,0.0698,0.2210
3,3,0,4,5,1,ZOMBIE,walking,300,65000,0.98333,3.00,0.87,1,3.44,0.0927,5.23,0.0729,0.2210
3,3,0,4,5,1,ZOMBIE,responsive,300,65000,1.00000,3.00,0.87,1,3.37,0.0692,5.35,0.0773,0.2210
3,3,0,4,5,1,ZOMBIE,omnivision,300,65000,1.00000,3.00,0.87,1,3.41,0.0913,5.24,0.0712,0.2210
3,3,0,3,4,2,HUSK,stationary,300,65000,0.00667,6.00,1.73,2,0.00,0.0000,0.00,0.0321,0.1955
3,3,0,3,4,2,HUSK,cautious,300,65000,0.29333,6.00,1.73,2,2.42,0.0880,4.04,0.0887,0.1955
3,3,0,3,4,2,HUSK,walking,300,65000,0.67333,6.00,1.73,2,5.22,0.1433,7.05,0.0911,0.1955
3,3,0,3,4,2,HUSK,responsive,300,65000,0.77000,6.00,1.73,2,7.09,0.1526,10.45,0.1038,0.1955
3,3,0,3,4,2,HUSK,omnivision,300,65000,0.71000,6.00,1.73,2,5.29,0.1455,7.21,0.0904,0.1955
3,3,0,2,4,2,SKELETON,stationary,300,65000,0.00333,6.00,1.73,2,0.00,0.0000,0.00,0.0302,0.1870
3,3,0,2,4,2,SKELETON,cautious,300,65000,0.34667,6.00,1.73,2,2.67,0.0967,4.19,0.0881,0.1870
3,3,0,2,4,2,SKELETON,walking,300,65000,0.84333,6.00,1.73,2,5.41,0.1475,7.04,0.0877,0.1870
3,3,0,2,4,2,SKELETON,responsive,300,65000,0.89000,6.00,1.73,2,6.57,0.1406,9.73,0.0963,0.1870
3,3,0,2,4,2,SKELETON,omnivision,300,65000,0.85000,6.00,1.73,2,5.49,0.1500,7.23,0.0859,0.1870
3,3,0,4,7,1,SPIDER,stationary,300,65000,0.04667,3.99,0.85,1,0.00,0.0000,0.00,0.0346,0.2550
3,3,0,4,7,1,SPIDER,cautious,300,65000,0.32000,3.99,0.85,1,1.26,0.0450,2.86,0.0574,0.2550
3,3,0,4,7,1,SPIDER,walking,300,65000,0.85667,3.99,0.85,1,3.13,0.0842,5.09,0.0701,0.2550
3,3,0,4,7,1,SPIDER,responsive,300,65000,1.00000,3.99,0.85,1,3.82,0.0784,5.89,0.0721,0.2550
3,3,0,4,7,1,SPIDER,omnivision,300,65000,0.99667,3.99,0.85,1,3.88,0.1047,5.96,0.0668,0.2550
3,3,0,3,4,2,CREEPER,stationary,300,65000,0.06667,6.02,1.73,2,0.00,0.0000,0.00,0.0846,0.2430
3,3,0,3,4,2,CREEPER,cautious,300,65000,0.52000,6.02,1.73,2,1.30,0.0467,3.13,0.1052,0.2430
3,3,0,3,4,2,CREEPER,walking,300,65000,0.76667,6.02,1.73,2,2.38,0.0644,4.62,0.0831,0.2430
3,3,0,3,4,2,CREEPER,responsive,300,65000,1.00000,6.02,1.73,2,3.75,0.0764,6.49,0.0954,0.2430
3,3,0,3,4,2,CREEPER,omnivision,300,65000,1.00000,6.02,1.73,2,3.24,0.0873,5.80,0.0918,0.2430
3,3,1,3,6,1,ZOMBIE,stationary,300,65000,0.01000,4.00,0.86,1,0.00,0.0000,0.00,0.0345,0.2730
3,3,1,3,6,1,ZOMBIE,cautious,300,65000,0.20667,4.00,0.86,1,1.04,0.0376,2.26,0.0513,0.2730
3,3,1,3,6,1,ZOMBIE,walking,300,65000,0.72667,4.00,0.86,1,3.16,0.0848,4.97,0.0704,0.2730
3,3,1,3,6,1,ZOMBIE,responsive,300,65000,1.00000,4.00,0.86,1,4.22,0.0861,5.72,0.0763,0.2730
3,3,1,3,6,1,ZOMBIE,omnivision,300,65000,1.00000,4.00,0.86,1,4.08,0.1089,5.90,0.0717,0.2730
3,3,1,5,6,1,HUSK,stationary,300,65000,0.07667,3.83,0.85,1,0.00,0.0000,0.00,0.0368,0.2415
3,3,1,5,6,1,HUSK,cautious,300,65000,0.36333,3.83,0.85,1,1.46,0.0528,3.06,0.0565,0.2415
3,3,1,5,6,1,HUSK,walking,300,65000,0.92667,3.83,0.85,1,3.79,0.1019,5.43,0.0690,0.2415
3,3,1,5,6,1,HUSK,responsive,300,65000,1.00000,3.83,0.85,1,4.47,0.0915,6.38,0.0751,0.2415
3,3,1,5,6,1,HUSK,omnivision,300,65000,1.00000,3.83,0.85,1,4.66,0.1250,6.00,0.0640,0.2415
3,3,1,3,6,2,SKELETON,stationary,300,65000,0.00000,6.21,1.70,2,0.00,0.0000,0.00,0.0261,0.2310
3,3,1,3,6,2,SKELETON,cautious,300,65000,0.13667,6.21,1.70,2,1.80,0.0649,3.25,0.0741,0.2310
3,3,1,3,6,2,SKELETON,walking,300,65000,0.65667,6.21,1.70,2,5.15,0.1404,7.32,0.1091,0.2310
3,3,1,3,6,2,SKELETON,responsive,300,65000,0.87000,6.21,1.70,2,7.02,0.1507,9.29,0.1176,0.2310
3,3,1,3,6,2,SKELETON,omnivision,300,65000,0.77667,6.21,1.70,2,5.86,0.1604,8.09,0.1071,0.2310
3,3,1,6,11,1,SPIDER,stationary,300,65000,0.02000,4.01,0.82,1,0.00,0.0000,0.00,0.0295,0.3150
3,3,1,6,11,1,SPIDER,cautious,300,65000,0.12333,4.01,0.82,1,0.72,0.0259,1.67,0.0397,0.3150
3,3,1,6,11,1,SPIDER,walking,300,65000,0.53333,4.01,0.82,1,2.43,0.0650,4.42,0.0649,0.3150
3,3,1,6,11,1,SPIDER,responsive,300,65000,0.99667,4.01,0.82,1,4.16,0.0844,6.24,0.0755,0.3150
3,3,1,6,11,1,SPIDER,omnivision,300,65000,0.98000,4.01,0.82,1,4.48,0.1201,7.07,0.0725,0.3150
3,3,1,2,6,1,CREEPER,stationary,300,65000,0.35000,4.00,0.86,1,0.00,0.0000,0.00,0.1261,0.2835
3,3,1,2,6,1,CREEPER,cautious,300,65000,0.65000,4.00,0.86,1,0.98,0.0349,2.78,0.0838,0.2835
3,3,1,2,6,1,CREEPER,walking,300,65000,0.78333,4.00,0.86,1,1.67,0.0442,4.02,0.0555,0.2835
3,3,1,2,6,1,CREEPER,responsive,300,65000,1.00000,4.00,0.86,1,2.77,0.0554,5.45,0.0636,0.2835
3,3,1,2,6,1,CREEPER,omnivision,300,65000,1.00000,4.00,0.86,1,2.42,0.0640,4.84,0.0390,0.2835
3,3,2,7,9,1,ZOMBIE,stationary,300,65000,0.00333,4.37,0.83,1,0.00,0.0000,0.00,0.0260,0.3250
3,3,2,7,9,1,ZOMBIE,cautious,300,65000,0.13333,4.37,0.83,1,0.58,0.0207,1.42,0.0385,0.3250
3,3,2,7,9,1,ZOMBIE,walking,300,65000,0.44333,4.37,0.83,1,1.82,0.0488,3.43,0.0552,0.3250
3,3,2,7,9,1,ZOMBIE,responsive,300,65000,1.00000,4.37,0.83,1,4.31,0.0882,5.74,0.0771,0.3250
3,3,2,7,9,1,ZOMBIE,omnivision,300,65000,0.98333,4.37,0.83,1,4.07,0.1086,6.11,0.0746,0.3250
3,3,2,3,7,1,HUSK,stationary,300,65000,0.03333,4.00,0.85,1,0.00,0.0000,0.00,0.0360,0.2875
3,3,2,3,7,1,HUSK,cautious,300,65000,0.20000,4.00,0.85,1,0.98,0.0354,2.08,0.0523,0.2875
3,3,2,3,7,1,HUSK,walking,300,65000,0.69667,4.00,0.85,1,3.25,0.0871,4.99,0.0758,0.2875
3,3,2,3,7,1,HUSK,responsive,300,65000,1.00000,4.00,0.85,1,4.48,0.0909,5.85,0.0796,0.2875
3,3,2,3,7,1,HUSK,omnivision,300,65000,1.00000,4.00,0.85,1,5.10,0.1363,7.18,0.0769,0.2875
3,3,2,4,6,1,SKELETON,stationary,300,65000,0.00667,4.00,0.86,1,0.00,0.0000,0.00,0.0347,0.2750
3,3,2,4,6,1,SKELETON,cautious,300,65000,0.18333,4.00,0.86,1,1.02,0.0365,2.16,0.0496,0.2750
3,3,2,4,6,1,SKELETON,walking,300,65000,0.69000,4.00,0.86,1,3.35,0.0896,5.31,0.0693,0.2750
3,3,2,4,6,1,SKELETON,responsive,300,65000,1.00000,4.00,0.86,1,4.41,0.0901,6.66,0.0755,0.2750
3,3,2,4,6,1,SKELETON,omnivision,300,65000,0.99667,4.00,0.86,1,4.87,0.1300,7.08,0.0690,0.2750
3,3,2,8,12,1,SPIDER,stationary,300,65000,0.00333,4.93,0.77,1,0.00,0.0000,0.00,0.0219,0.3750
3,3,2,8,12,1,SPIDER,cautious,300,65000,0.05000,4.93,0.77,1,0.37,0.0130,0.90,0.0299,0.3750
3,3,2,8,12,1,SPIDER,walking,300,65000,0.23000,4.93,0.77,1,1.34,0.0356,2.66,0.0437,0.3750
3,3,2,8,12,1,SPIDER,responsive,300,65000,0.93333,4.93,0.77,1,4.35,0.0880,6.62,0.0745,0.3750
3,3,2,8,12,1,SPIDER,omnivision,300,65000,0.88667,4.93,0.77,1,3.88,0.1035,6.34,0.0729,0.3750
3,3,2,3,6,1,CREEPER,stationary,300,65000,0.17000,4.48,0.85,1,0.00,0.0000,0.00,0.1041,0.3375
3,3,2,3,6,1,CREEPER,cautious,300,65000,0.48000,4.48,0.85,1,0.84,0.0301,2.40,0.0897,0.3375
3,3,2,3,6,1,CREEPER,walking,300,65000,0.64000,4.48,0.85,1,1.49,0.0396,3.57,0.0731,0.3375
3,3,2,3,6,1,CREEPER,responsive,300,65000,1.00000,4.48,0.85,1,3.05,0.0611,5.86,0.0715,0.3375
3,3,2,3,6,1,CREEPER,omnivision,300,65000,1.00000,4.48,0.85,1,2.99,0.0792,5.72,0.0470,0.3375
3,3,3,5,7,1,ZOMBIE,stationary,300,65000,0.00333,5.00,0.83,1,0.00,0.0000,0.00,0.0211,0.3770
3,3,3,5,7,1,ZOMBIE,cautious,300,65000,0.04667,5.00,0.83,1,0.34,0.0123,0.88,0.0281,0.3770
3,3,3,5,7,1,ZOMBIE,walking,300,65000,0.24333,5.00,0.83,1,1.39,0.0370,2.76,0.0484,0.3770
3,3,3,5,7,1,ZOMBIE,responsive,300,65000,0.95667,5.00,0.83,1,4.97,0.1013,6.62,0.0849,0.3770
3,3,3,5,7,1,ZOMBIE,omnivision,300,65000,0.87333,5.00,0.83,1,4.23,0.1126,6.29,0.0800,0.3770
3,3,3,3,5,1,HUSK,stationary,300,65000,0.02333,5.00,0.85,1,0.00,0.0000,0.00,0.0272,0.3335
3,3,3,3,5,1,HUSK,cautious,300,65000,0.14667,5.00,0.85,1,0.60,0.0217,1.34,0.0344,0.3335
3,3,3,3,5,1,HUSK,walking,300,65000,0.43333,5.00,0.85,1,1.81,0.0486,3.15,0.0527,0.3335
3,3,3,3,5,1,HUSK,responsive,300,65000,0.99667,5.00,0.85,1,4.61,0.0940,5.87,0.0734,0.3335
3,3,3,3,5,1,HUSK,omnivision,300,65000,0.96000,5.00,0.85,1,4.30,0.1146,6.07,0.0692,0.3335
3,3,3,4,7,1,SKELETON,stationary,300,65000,0.01333,4.28,0.84,1,0.00,0.0000,0.00,0.0275,0.3190
3,3,3,4,7,1,SKELETON,cautious,300,65000,0.09333,4.28,0.84,1,0.65,0.0232,1.50,0.0383,0.3190
3,3,3,4,7,1,SKELETON,walking,300,65000,0.47000,4.28,0.84,1,2.27,0.0605,4.21,0.0624,0.3190
3,3,3,4,7,1,SKELETON,responsive,300,65000,0.99333,4.28,0.84,1,4.23,0.0858,6.27,0.0779,0.3190
3,3,3,4,7,1,SKELETON,omnivision,300,65000,0.96333,4.28,0.84,1,4.63,0.1238,7.10,0.0787,0.3190
3,3,3,9,16,1,SPIDER,stationary,300,65000,0.00667,5.06,0.74,1,0.00,0.0000,0.00,0.0223,0.4350
3,3,3,9,16,1,SPIDER,cautious,300,65000,0.02667,5.06,0.74,1,0.19,0.0068,0.55,0.0245,0.4350
3,3,3,9,16,1,SPIDER,walking,300,65000,0.12333,5.06,0.74,1,0.73,0.0193,1.77,0.0378,0.4350
3,3,3,9,16,1,SPIDER,responsive,300,65000,0.82000,5.06,0.74,1,3.63,0.0732,6.22,0.0793,0.4350
3,3,3,9,16,1,SPIDER,omnivision,300,65000,0.69333,5.06,0.74,1,3.17,0.0842,5.70,0.0740,0.4350
3,3,3,4,6,1,CREEPER,stationary,300,65000,0.21667,5.00,0.84,1,0.00,0.0000,0.00,0.1011,0.3915
3,3,3,4,6,1,CREEPER,cautious,300,65000,0.47667,5.00,0.84,1,0.77,0.0277,2.19,0.0848,0.3915
3,3,3,4,6,1,CREEPER,walking,300,65000,0.49333,5.00,0.84,1,1.34,0.0356,3.02,0.0689,0.3915
3,3,3,4,6,1,CREEPER,responsive,300,65000,0.96333,5.00,0.84,1,3.46,0.0694,6.48,0.0607,0.3915
3,3,3,4,6,1,CREEPER,omnivision,300,65000,1.00000,5.00,0.84,1,3.76,0.0994,6.43,0.0387,0.3915
3,3,4,6,9,1,ZOMBIE,stationary,300,65000,0.00333,5.84,0.81,1,0.00,0.0000,0.00,0.0206,0.4290
3,3,4,6,9,1,ZOMBIE,cautious,300,65000,0.02333,5.84,0.81,1,0.22,0.0064,0.56,0.0241,0.4290
3,3,4,6,9,1,ZOMBIE,walking,300,65000,0.19000,5.84,0.81,1,0.91,0.0204,1.69,0.0354,0.4290
3,3,4,6,9,1,ZOMBIE,responsive,300,65000,0.87333,5.84,0.81,1,4.55,0.0791,6.04,0.0696,0.4290
3,3,4,6,9,1,ZOMBIE,omnivision,300,65000,0.80333,5.84,0.81,1,4.10,0.0922,5.91,0.0788,0.4290
3,3,4,7,9,1,HUSK,stationary,300,65000,0.00667,5.00,0.82,1,0.00,0.0000,0.00,0.0219,0.3795
3,3,4,7,9,1,HUSK,cautious,300,65000,0.09333,5.00,0.82,1,0.49,0.0147,1.07,0.0294,0.3795
3,3,4,7,9,1,HUSK,walking,300,65000,0.26333,5.00,0.82,1,1.42,0.0319,2.50,0.0434,0.3795
3,3,4,7,9,1,HUSK,responsive,300,65000,0.96667,5.00,0.82,1,5.09,0.0887,6.41,0.0706,0.3795
3,3,4,7,9,1,HUSK,omnivision,300,65000,0.94000,5.00,0.82,1,4.86,0.1091,6.22,0.0697,0.3795
3,3,4,4,5,1,SKELETON,stationary,300,65000,0.00333,5.00,0.85,1,0.00,0.0000,0.00,0.0230,0.3630
3,3,4,4,5,1,SKELETON,cautious,300,65000,0.11667,5.00,0.85,1,0.62,0.0190,1.39,0.0341,0.3630
3,3,4,4,5,1,SKELETON,walking,300,65000,0.36000,5.00,0.85,1,2.17,0.0486,3.52,0.0508,0.3630
3,3,4,4,5,1,SKELETON,responsive,300,65000,0.98667,5.00,0.85,1,5.07,0.0881,7.05,0.0703,0.3630
3,3,4,4,5,1,SKELETON,omnivision,300,65000,0.98000,5.00,0.85,1,5.02,0.1123,6.92,0.0719,0.3630
3,3,4,13,19,1,SPIDER,stationary,300,65000,0.00333,5.48,0.71,1,0.00,0.0000,0.00,0.0142,0.4950
3,3,4,13,19,1,SPIDER,cautious,300,65000,0.01000,5.48,0.71,1,0.10,0.0031,0.27,0.0153,0.4950
3,3,4,13,19,1,SPIDER,walking,300,65000,0.06333,5.48,0.71,1,0.51,0.0112,1.17,0.0224,0.4950
3,3,4,13,19,1,SPIDER,responsive,300,65000,0.58667,5.48,0.71,1,3.41,0.0594,5.66,0.0610,0.4950
3,3,4,13,19,1,SPIDER,omnivision,300,65000,0.48667,5.48,0.71,1,2.90,0.0646,5.25,0.0614,0.4950
3,3,4,4,7,1,CREEPER,stationary,300,65000,0.12333,5.76,0.83,1,0.00,0.0000,0.00,0.0871,0.4455
3,3,4,4,7,1,CREEPER,cautious,300,65000,0.32333,5.76,0.83,1,0.66,0.0198,1.67,0.0749,0.4455
3,3,4,4,7,1,CREEPER,walking,300,65000,0.42333,5.76,0.83,1,1.28,0.0285,2.64,0.0689,0.4455
3,3,4,4,7,1,CREEPER,responsive,300,65000,0.81667,5.76,0.83,1,3.19,0.0551,5.83,0.0483,0.4455
3,3,4,4,7,1,CREEPER,omnivision,300,65000,1.00000,5.76,0.83,1,4.11,0.0909,6.49,0.0499,0.4455
