stage,speed_multiplier,min_interval,max_interval,cap,mob,seeds,first_seed,pass_rate,spawn_mean,active_mean,distance_mean
0,0.85,3,5,9,ZOMBIE,1000,45000,0.82500,18.00,7.06,10.65
0,0.85,3,5,10,ZOMBIE,1000,45000,0.79000,20.00,7.73,11.19
0,0.85,3,5,11,ZOMBIE,1000,45000,0.76400,22.00,8.38,11.50
0,0.85,3,6,9,ZOMBIE,1000,45000,0.83200,18.00,6.92,10.45
0,0.85,3,6,10,ZOMBIE,1000,45000,0.81300,20.00,7.56,11.09
0,0.85,3,6,11,ZOMBIE,1000,45000,0.76400,22.00,8.17,11.52
0,0.85,3,7,9,ZOMBIE,1000,45000,0.84100,18.00,6.78,10.50
0,0.85,3,7,10,ZOMBIE,1000,45000,0.81600,20.00,7.39,10.89
0,0.85,3,7,11,ZOMBIE,1000,45000,0.79300,22.00,7.97,11.53
0,0.85,4,5,9,ZOMBIE,1000,45000,0.83000,18.00,6.98,10.57
0,0.85,4,5,10,ZOMBIE,1000,45000,0.82100,20.00,7.62,11.30
0,0.85,4,5,11,ZOMBIE,1000,45000,0.78400,22.00,8.24,11.76
0,0.85,4,6,9,ZOMBIE,1000,45000,0.84200,18.00,6.84,10.60
0,0.85,4,6,10,ZOMBIE,1000,45000,0.83100,20.00,7.46,11.13
0,0.85,4,6,11,ZOMBIE,1000,45000,0.79100,22.00,8.04,11.59
0,0.85,4,7,9,ZOMBIE,1000,45000,0.86200,18.00,6.70,10.57
0,0.85,4,7,10,ZOMBIE,1000,45000,0.83200,20.00,7.29,10.97
0,0.85,4,7,11,ZOMBIE,1000,45000,0.82200,22.00,7.84,11.48
0,0.85,5,5,9,ZOMBIE,1000,45000,0.84400,18.00,6.85,10.43
0,0.85,5,5,10,ZOMBIE,1000,45000,0.81500,20.00,7.47,11.13
0,0.85,5,5,11,ZOMBIE,1000,45000,0.78400,22.00,8.07,11.76
0,0.85,5,6,9,ZOMBIE,1000,45000,0.86700,18.00,6.76,10.71
0,0.85,5,6,10,ZOMBIE,1000,45000,0.83200,20.00,7.35,11.12
0,0.85,5,6,11,ZOMBIE,1000,45000,0.81500,22.00,7.91,11.58
0,0.85,5,7,9,ZOMBIE,1000,45000,0.87600,18.00,6.62,10.54
0,0.85,5,7,10,ZOMBIE,1000,45000,0.84100,20.00,7.18,10.83
0,0.85,5,7,11,ZOMBIE,1000,45000,0.81400,22.00,7.71,11.14
0,0.85,2,4,15,HUSK,1000,45000,0.74500,30.00,11.35,11.91
0,0.85,2,4,16,HUSK,1000,45000,0.72100,32.00,11.97,11.95
0,0.85,2,4,17,HUSK,1000,45000,0.69500,34.00,12.57,12.22
0,0.85,2,5,15,HUSK,1000,45000,0.78300,30.00,10.98,12.33
0,0.85,2,5,16,HUSK,1000,45000,0.78100,32.00,11.54,12.57
0,0.85,2,5,17,HUSK,1000,45000,0.76600,34.00,12.09,12.64
0,0.85,2,6,15,HUSK,1000,45000,0.83400,30.00,10.60,12.38
0,0.85,2,6,16,HUSK,1000,45000,0.82000,31.98,11.12,12.62
0,0.85,2,6,17,HUSK,1000,45000,0.80600,33.89,11.63,12.90
0,0.85,3,4,15,HUSK,1000,45000,0.78100,30.00,11.10,12.24
0,0.85,3,4,16,HUSK,1000,45000,0.76400,32.00,11.68,12.71
0,0.85,3,4,17,HUSK,1000,45000,0.75700,34.00,12.24,12.81
0,0.85,3,5,15,HUSK,1000,45000,0.82700,30.00,10.73,12.48
0,0.85,3,5,16,HUSK,1000,45000,0.81000,32.00,11.26,12.63
0,0.85,3,5,17,HUSK,1000,45000,0.80200,34.00,11.77,12.89
0,0.85,3,6,15,HUSK,1000,45000,0.83100,29.99,10.36,12.13
0,0.85,3,6,16,HUSK,1000,45000,0.83100,31.83,10.83,12.39
0,0.85,3,6,17,HUSK,1000,45000,0.80200,33.28,11.30,12.85
0,0.85,4,4,15,HUSK,1000,45000,0.81500,30.00,10.83,12.70
0,0.85,4,4,16,HUSK,1000,45000,0.81300,32.00,11.38,12.73
0,0.85,4,4,17,HUSK,1000,45000,0.80600,34.00,11.90,13.19
0,0.85,4,5,15,HUSK,1000,45000,0.84600,30.00,10.48,12.42
0,0.85,4,5,16,HUSK,1000,45000,0.83700,32.00,10.97,12.69
0,0.85,4,5,17,HUSK,1000,45000,0.81300,33.81,11.44,12.95
0,0.85,4,6,15,HUSK,1000,45000,0.84100,29.80,10.11,12.35
0,0.85,4,6,16,HUSK,1000,45000,0.83500,31.03,10.56,12.69
0,0.85,4,6,17,HUSK,1000,45000,0.81600,31.94,10.94,12.85
0,0.85,2,3,15,SKELETON,1000,45000,0.75200,30.00,11.63,10.00
0,0.85,2,3,16,SKELETON,1000,45000,0.72500,32.00,12.28,10.14
0,0.85,2,3,17,SKELETON,1000,45000,0.71700,34.00,12.92,10.10
0,0.85,2,4,15,SKELETON,1000,45000,0.81900,30.00,11.25,10.18
0,0.85,2,4,16,SKELETON,1000,45000,0.79900,32.00,11.85,10.18
0,0.85,2,4,17,SKELETON,1000,45000,0.78300,34.00,12.44,10.51
0,0.85,2,5,15,SKELETON,1000,45000,0.85600,30.00,10.86,10.29
0,0.85,2,5,16,SKELETON,1000,45000,0.83300,31.95,11.42,10.40
0,0.85,2,5,17,SKELETON,1000,45000,0.81800,33.76,11.95,10.78
0,0.85,3,3,15,SKELETON,1000,45000,0.82500,30.00,11.26,10.20
0,0.85,3,3,16,SKELETON,1000,45000,0.80200,32.00,11.86,10.33
0,0.85,3,3,17,SKELETON,1000,45000,0.78900,34.00,12.45,10.65
0,0.85,3,4,15,SKELETON,1000,45000,0.85600,30.00,10.93,10.31
0,0.85,3,4,16,SKELETON,1000,45000,0.84700,32.00,11.48,10.44
0,0.85,3,4,17,SKELETON,1000,45000,0.81800,33.99,12.03,10.67
0,0.85,3,5,15,SKELETON,1000,45000,0.87600,29.90,10.55,10.19
0,0.85,3,5,16,SKELETON,1000,45000,0.86400,31.42,11.07,10.40
0,0.85,3,5,17,SKELETON,1000,45000,0.85400,32.59,11.58,10.66
0,0.85,3,5,9,SPIDER,1000,45000,0.76100,22.62,6.89,8.39
0,0.85,3,5,10,SPIDER,1000,45000,0.73800,24.65,7.55,9.08
0,0.85,3,5,11,SPIDER,1000,45000,0.70000,26.65,8.18,9.65
0,0.85,3,6,9,SPIDER,1000,45000,0.81000,21.99,6.75,8.61
0,0.85,3,6,10,SPIDER,1000,45000,0.76700,23.99,7.38,9.20
0,0.85,3,6,11,SPIDER,1000,45000,0.72800,25.98,7.98,9.57
0,0.85,3,7,9,SPIDER,1000,45000,0.78500,21.45,6.62,8.73
0,0.85,3,7,10,SPIDER,1000,45000,0.75200,23.46,7.22,9.03
0,0.85,3,7,11,SPIDER,1000,45000,0.74200,25.45,7.78,9.58
0,0.85,4,5,9,SPIDER,1000,45000,0.78100,22.09,6.79,8.56
0,0.85,4,5,10,SPIDER,1000,45000,0.76600,24.13,7.42,9.02
0,0.85,4,5,11,SPIDER,1000,45000,0.71400,26.08,8.02,9.59
0,0.85,4,6,9,SPIDER,1000,45000,0.80100,21.58,6.66,8.66
0,0.85,4,6,10,SPIDER,1000,45000,0.77900,23.57,7.25,9.21
0,0.85,4,6,11,SPIDER,1000,45000,0.74200,25.56,7.83,9.61
0,0.85,4,7,9,SPIDER,1000,45000,0.81700,21.13,6.52,8.72
0,0.85,4,7,10,SPIDER,1000,45000,0.77600,23.13,7.09,9.01
0,0.85,4,7,11,SPIDER,1000,45000,0.73600,25.16,7.63,9.24
0,0.85,5,5,9,SPIDER,1000,45000,0.81000,20.93,6.60,8.79
0,0.85,5,5,10,SPIDER,1000,45000,0.75500,22.91,7.20,9.21
0,0.85,5,5,11,SPIDER,1000,45000,0.73300,24.90,7.77,9.76
0,0.85,5,6,9,SPIDER,1000,45000,0.79200,21.23,6.55,8.63
0,0.85,5,6,10,SPIDER,1000,45000,0.77900,23.26,7.13,9.17
0,0.85,5,6,11,SPIDER,1000,45000,0.76500,25.24,7.68,9.56
0,0.85,5,7,9,SPIDER,1000,45000,0.80700,20.84,6.42,8.84
0,0.85,5,7,10,SPIDER,1000,45000,0.78100,22.82,6.96,9.14
0,0.85,5,7,11,SPIDER,1000,45000,0.74100,24.83,7.47,9.38
0,0.85,2,4,15,CREEPER,1000,45000,0.83200,44.03,11.17,3.27
0,0.85,2,4,16,CREEPER,1000,45000,0.84000,46.07,11.79,3.41
0,0.85,2,4,17,CREEPER,1000,45000,0.83800,48.10,12.38,3.63
0,0.85,2,5,15,CREEPER,1000,45000,0.84700,41.64,10.76,3.22
0,0.85,2,5,16,CREEPER,1000,45000,0.84600,43.47,11.24,3.31
0,0.85,2,5,17,CREEPER,1000,45000,0.83400,44.91,11.60,3.37
0,0.85,2,6,15,CREEPER,1000,45000,0.85500,39.11,10.11,3.09
0,0.85,2,6,16,CREEPER,1000,45000,0.86000,39.91,10.32,3.16
0,0.85,2,6,17,CREEPER,1000,45000,0.86500,40.29,10.40,3.16
0,0.85,3,4,15,CREEPER,1000,45000,0.83300,42.60,10.96,3.21
0,0.85,3,4,16,CREEPER,1000,45000,0.80800,44.55,11.52,3.29
0,0.85,3,4,17,CREEPER,1000,45000,0.81300,45.90,11.85,3.39
0,0.85,3,5,15,CREEPER,1000,45000,0.85300,39.94,10.32,3.19
0,0.85,3,5,16,CREEPER,1000,45000,0.85600,40.46,10.45,3.20
0,0.85,3,5,17,CREEPER,1000,45000,0.85600,40.51,10.46,3.20
0,0.85,3,6,15,CREEPER,1000,45000,0.85900,35.96,9.29,2.92
0,0.85,3,6,16,CREEPER,1000,45000,0.86000,35.99,9.29,2.92
0,0.85,3,6,17,CREEPER,1000,45000,0.86000,35.99,9.29,2.92
0,0.85,4,4,15,CREEPER,1000,45000,0.84400,40.00,10.42,3.13
0,0.85,4,4,16,CREEPER,1000,45000,0.84400,40.00,10.42,3.13
0,0.85,4,4,17,CREEPER,1000,45000,0.84400,40.00,10.42,3.13
0,0.85,4,5,15,CREEPER,1000,45000,0.85700,35.96,9.28,2.93
0,0.85,4,5,16,CREEPER,1000,45000,0.85700,35.96,9.28,2.93
0,0.85,4,5,17,CREEPER,1000,45000,0.85700,35.96,9.28,2.93
0,0.85,4,6,15,CREEPER,1000,45000,0.86300,32.51,8.40,2.72
0,0.85,4,6,16,CREEPER,1000,45000,0.86300,32.51,8.40,2.72
0,0.85,4,6,17,CREEPER,1000,45000,0.86300,32.51,8.40,2.72
1,1.05,2,4,7,ZOMBIE,1000,45000,0.69500,20.99,5.72,8.04
1,1.05,2,4,8,ZOMBIE,1000,45000,0.63500,23.70,6.47,8.52
1,1.05,2,4,9,ZOMBIE,1000,45000,0.56700,25.88,7.20,8.82
1,1.05,2,5,7,ZOMBIE,1000,45000,0.70300,20.42,5.62,8.07
1,1.05,2,5,8,ZOMBIE,1000,45000,0.66300,22.49,6.35,8.53
1,1.05,2,5,9,ZOMBIE,1000,45000,0.60300,24.45,7.06,9.16
1,1.05,2,6,7,ZOMBIE,1000,45000,0.71800,19.44,5.53,8.02
1,1.05,2,6,8,ZOMBIE,1000,45000,0.69100,21.47,6.24,8.79
1,1.05,2,6,9,ZOMBIE,1000,45000,0.63700,23.43,6.92,9.20
1,1.05,3,4,7,ZOMBIE,1000,45000,0.71500,20.91,5.68,8.06
1,1.05,3,4,8,ZOMBIE,1000,45000,0.66100,23.10,6.41,8.59
1,1.05,3,4,9,ZOMBIE,1000,45000,0.62200,25.11,7.13,9.07
1,1.05,3,5,7,ZOMBIE,1000,45000,0.72700,19.97,5.58,7.92
1,1.05,3,5,8,ZOMBIE,1000,45000,0.67500,21.94,6.29,8.61
1,1.05,3,5,9,ZOMBIE,1000,45000,0.61700,23.95,6.99,9.08
1,1.05,3,6,7,ZOMBIE,1000,45000,0.72400,19.04,5.49,8.12
1,1.05,3,6,8,ZOMBIE,1000,45000,0.68900,21.06,6.18,8.78
1,1.05,3,6,9,ZOMBIE,1000,45000,0.64100,23.07,6.85,9.26
1,1.05,4,4,7,ZOMBIE,1000,45000,0.72000,20.00,5.60,7.97
1,1.05,4,4,8,ZOMBIE,1000,45000,0.68700,22.00,6.32,8.71
1,1.05,4,4,9,ZOMBIE,1000,45000,0.61900,24.00,7.02,9.15
1,1.05,4,5,7,ZOMBIE,1000,45000,0.72300,19.50,5.54,8.11
1,1.05,4,5,8,ZOMBIE,1000,45000,0.67200,21.48,6.23,8.67
1,1.05,4,5,9,ZOMBIE,1000,45000,0.63900,23.50,6.91,9.31
1,1.05,4,6,7,ZOMBIE,1000,45000,0.75700,18.73,5.45,8.00
1,1.05,4,6,8,ZOMBIE,1000,45000,0.70100,20.72,6.12,8.98
1,1.05,4,6,9,ZOMBIE,1000,45000,0.64300,22.70,6.77,9.47
1,1.05,3,5,11,HUSK,1000,45000,0.75800,27.47,8.31,11.06
1,1.05,3,5,12,HUSK,1000,45000,0.70800,29.47,8.93,11.48
1,1.05,3,5,13,HUSK,1000,45000,0.68100,31.47,9.53,11.66
1,1.05,3,6,11,HUSK,1000,45000,0.73600,26.64,8.10,11.24
1,1.05,3,6,12,HUSK,1000,45000,0.69700,28.68,8.69,11.49
1,1.05,3,6,13,HUSK,1000,45000,0.69600,30.66,9.24,11.87
1,1.05,3,7,11,HUSK,1000,45000,0.76400,26.02,7.90,11.53
1,1.05,3,7,12,HUSK,1000,45000,0.73300,28.03,8.44,11.99
1,1.05,3,7,13,HUSK,1000,45000,0.72100,29.91,8.93,11.93
1,1.05,4,5,11,HUSK,1000,45000,0.74400,27.06,8.18,11.38
1,1.05,4,5,12,HUSK,1000,45000,0.73400,29.08,8.78,11.89
1,1.05,4,5,13,HUSK,1000,45000,0.69800,31.07,9.35,12.07
1,1.05,4,6,11,HUSK,1000,45000,0.78000,26.34,7.97,11.61
1,1.05,4,6,12,HUSK,1000,45000,0.75200,28.32,8.53,11.76
1,1.05,4,6,13,HUSK,1000,45000,0.71000,30.33,9.06,12.01
1,1.05,4,7,11,HUSK,1000,45000,0.78500,25.81,7.77,11.47
1,1.05,4,7,12,HUSK,1000,45000,0.75500,27.73,8.27,11.70
1,1.05,4,7,13,HUSK,1000,45000,0.74900,29.04,8.63,11.90
1,1.05,5,5,11,HUSK,1000,45000,0.76400,26.00,7.98,11.46
1,1.05,5,5,12,HUSK,1000,45000,0.74300,28.00,8.55,11.78
1,1.05,5,5,13,HUSK,1000,45000,0.72600,30.00,9.09,12.06
1,1.05,5,6,11,HUSK,1000,45000,0.78600,25.99,7.83,11.66
1,1.05,5,6,12,HUSK,1000,45000,0.74400,27.98,8.35,11.79
1,1.05,5,6,13,HUSK,1000,45000,0.72900,29.51,8.75,11.98
1,1.05,5,7,11,HUSK,1000,45000,0.76100,25.59,7.64,11.31
1,1.05,5,7,12,HUSK,1000,45000,0.77500,26.98,8.00,11.57
1,1.05,5,7,13,HUSK,1000,45000,0.77500,27.11,8.04,11.56
1,1.05,2,4,15,SKELETON,1000,45000,0.65700,32.58,11.21,10.96
1,1.05,2,4,16,SKELETON,1000,45000,0.62800,34.59,11.82,11.18
1,1.05,2,4,17,SKELETON,1000,45000,0.62800,36.57,12.41,11.51
1,1.05,2,5,15,SKELETON,1000,45000,0.68900,32.06,10.83,11.48
1,1.05,2,5,16,SKELETON,1000,45000,0.67800,34.06,11.39,11.51
1,1.05,2,5,17,SKELETON,1000,45000,0.67500,36.05,11.93,11.88
1,1.05,2,6,15,SKELETON,1000,45000,0.71300,31.66,10.47,11.20
1,1.05,2,6,16,SKELETON,1000,45000,0.71000,33.61,10.97,11.40
1,1.05,2,6,17,SKELETON,1000,45000,0.68800,35.47,11.45,11.46
1,1.05,3,4,15,SKELETON,1000,45000,0.69800,32.12,10.90,11.29
1,1.05,3,4,16,SKELETON,1000,45000,0.66400,34.15,11.48,11.59
1,1.05,3,4,17,SKELETON,1000,45000,0.64400,36.13,12.02,11.74
1,1.05,3,5,15,SKELETON,1000,45000,0.70100,31.76,10.54,11.40
1,1.05,3,5,16,SKELETON,1000,45000,0.67200,33.78,11.06,11.49
1,1.05,3,5,17,SKELETON,1000,45000,0.71000,35.71,11.55,11.64
1,1.05,3,6,15,SKELETON,1000,45000,0.76800,31.39,10.17,11.20
1,1.05,3,6,16,SKELETON,1000,45000,0.73100,33.14,10.62,11.28
1,1.05,3,6,17,SKELETON,1000,45000,0.70900,34.55,11.02,11.57
1,1.05,4,4,15,SKELETON,1000,45000,0.73300,31.34,10.56,11.49
1,1.05,4,4,16,SKELETON,1000,45000,0.70900,33.34,11.08,11.51
1,1.05,4,4,17,SKELETON,1000,45000,0.70000,35.36,11.58,11.47
1,1.05,4,5,15,SKELETON,1000,45000,0.75200,31.52,10.25,11.27
1,1.05,4,5,16,SKELETON,1000,45000,0.75200,33.40,10.71,11.63
1,1.05,4,5,17,SKELETON,1000,45000,0.71900,34.90,11.13,11.70
1,1.05,4,6,15,SKELETON,1000,45000,0.78500,30.87,9.86,11.15
1,1.05,4,6,16,SKELETON,1000,45000,0.77100,31.94,10.20,11.27
1,1.05,4,6,17,SKELETON,1000,45000,0.75500,32.38,10.33,11.33
1,1.05,5,9,7,SPIDER,1000,45000,0.70900,19.53,4.94,6.69
1,1.05,5,9,8,SPIDER,1000,45000,0.67900,21.51,5.47,7.13
1,1.05,5,9,9,SPIDER,1000,45000,0.64100,22.94,5.83,7.37
1,1.05,5,10,7,SPIDER,1000,45000,0.72100,19.04,4.85,6.64
1,1.05,5,10,8,SPIDER,1000,45000,0.68900,20.86,5.31,6.93
1,1.05,5,10,9,SPIDER,1000,45000,0.66600,21.72,5.51,7.12
1,1.05,5,11,7,SPIDER,1000,45000,0.74900,18.62,4.75,6.69
1,1.05,5,11,8,SPIDER,1000,45000,0.69900,20.06,5.10,6.88
1,1.05,5,11,9,SPIDER,1000,45000,0.67700,20.44,5.19,6.97
1,1.05,6,9,7,SPIDER,1000,45000,0.71700,19.21,4.87,6.66
1,1.05,6,9,8,SPIDER,1000,45000,0.69500,21.12,5.37,7.09
1,1.05,6,9,9,SPIDER,1000,45000,0.67400,21.76,5.53,7.22
1,1.05,6,10,7,SPIDER,1000,45000,0.72900,18.75,4.78,6.64
1,1.05,6,10,8,SPIDER,1000,45000,0.70300,20.28,5.15,6.83
1,1.05,6,10,9,SPIDER,1000,45000,0.70500,20.48,5.20,6.83
1,1.05,6,11,7,SPIDER,1000,45000,0.72600,18.32,4.67,6.45
1,1.05,6,11,8,SPIDER,1000,45000,0.70400,19.23,4.89,6.69
1,1.05,6,11,9,SPIDER,1000,45000,0.70500,19.27,4.90,6.70
1,1.05,7,9,7,SPIDER,1000,45000,0.72100,18.73,4.78,6.59
1,1.05,7,9,8,SPIDER,1000,45000,0.68300,20.44,5.19,6.92
1,1.05,7,9,9,SPIDER,1000,45000,0.68300,20.44,5.19,6.92
1,1.05,7,10,7,SPIDER,1000,45000,0.74400,18.52,4.72,6.56
1,1.05,7,10,8,SPIDER,1000,45000,0.72100,19.28,4.89,6.73
1,1.05,7,10,9,SPIDER,1000,45000,0.72100,19.28,4.89,6.73
1,1.05,7,11,7,SPIDER,1000,45000,0.75600,17.99,4.57,6.53
1,1.05,7,11,8,SPIDER,1000,45000,0.74700,18.26,4.64,6.59
1,1.05,7,11,9,SPIDER,1000,45000,0.74700,18.26,4.64,6.59
1,1.05,2,4,7,CREEPER,1000,45000,0.75300,27.30,5.66,1.72
1,1.05,2,4,8,CREEPER,1000,45000,0.70500,30.37,6.41,1.86
1,1.05,2,4,9,CREEPER,1000,45000,0.66100,33.32,7.13,1.95
1,1.05,2,5,7,CREEPER,1000,45000,0.72400,26.10,5.55,1.62
1,1.05,2,5,8,CREEPER,1000,45000,0.69200,29.12,6.27,1.79
1,1.05,2,5,9,CREEPER,1000,45000,0.67100,32.10,6.96,1.96
1,1.05,2,6,7,CREEPER,1000,45000,0.72600,25.17,5.45,1.61
1,1.05,2,6,8,CREEPER,1000,45000,0.70400,28.19,6.13,1.76
1,1.05,2,6,9,CREEPER,1000,45000,0.68600,31.20,6.79,2.00
1,1.05,3,4,7,CREEPER,1000,45000,0.72200,26.78,5.62,1.61
1,1.05,3,4,8,CREEPER,1000,45000,0.70100,29.76,6.35,1.81
1,1.05,3,4,9,CREEPER,1000,45000,0.67200,32.79,7.06,1.96
1,1.05,3,5,7,CREEPER,1000,45000,0.72300,25.70,5.51,1.64
1,1.05,3,5,8,CREEPER,1000,45000,0.70400,28.67,6.21,1.85
1,1.05,3,5,9,CREEPER,1000,45000,0.66000,31.71,6.89,2.00
1,1.05,3,6,7,CREEPER,1000,45000,0.72700,24.89,5.41,1.69
1,1.05,3,6,8,CREEPER,1000,45000,0.70100,27.91,6.07,1.77
1,1.05,3,6,9,CREEPER,1000,45000,0.70100,30.89,6.71,1.92
1,1.05,4,4,7,CREEPER,1000,45000,0.72500,25.00,5.44,1.60
1,1.05,4,4,8,CREEPER,1000,45000,0.70500,28.00,6.14,1.80
1,1.05,4,4,9,CREEPER,1000,45000,0.69500,31.00,6.82,1.99
1,1.05,4,5,7,CREEPER,1000,45000,0.73200,25.33,5.47,1.66
1,1.05,4,5,8,CREEPER,1000,45000,0.67900,28.38,6.16,1.78
1,1.05,4,5,9,CREEPER,1000,45000,0.68100,31.39,6.81,1.92
1,1.05,4,6,7,CREEPER,1000,45000,0.74400,24.65,5.36,1.72
1,1.05,4,6,8,CREEPER,1000,45000,0.69500,27.62,6.01,1.73
1,1.05,4,6,9,CREEPER,1000,45000,0.69100,30.53,6.61,1.92
2,1.25,5,9,7,ZOMBIE,1000,45000,0.67500,19.73,5.07,7.41
2,1.25,5,9,8,ZOMBIE,1000,45000,0.61100,21.72,5.63,8.00
2,1.25,5,9,9,ZOMBIE,1000,45000,0.57300,23.06,5.98,8.30
2,1.25,5,10,7,ZOMBIE,1000,45000,0.68400,19.21,4.98,7.32
2,1.25,5,10,8,ZOMBIE,1000,45000,0.64300,20.99,5.45,7.82
2,1.25,5,10,9,ZOMBIE,1000,45000,0.61600,21.74,5.62,7.98
2,1.25,5,11,7,ZOMBIE,1000,45000,0.69400,18.77,4.87,7.25
2,1.25,5,11,8,ZOMBIE,1000,45000,0.64100,20.13,5.22,7.72
2,1.25,5,11,9,ZOMBIE,1000,45000,0.63600,20.45,5.29,7.76
2,1.25,6,9,7,ZOMBIE,1000,45000,0.68000,19.49,5.03,7.36
2,1.25,6,9,8,ZOMBIE,1000,45000,0.62200,21.39,5.54,7.83
2,1.25,6,9,9,ZOMBIE,1000,45000,0.60300,21.76,5.63,7.90
2,1.25,6,10,7,ZOMBIE,1000,45000,0.70300,18.99,4.93,7.48
2,1.25,6,10,8,ZOMBIE,1000,45000,0.66200,20.37,5.27,7.78
2,1.25,6,10,9,ZOMBIE,1000,45000,0.65900,20.48,5.30,7.80
2,1.25,6,11,7,ZOMBIE,1000,45000,0.70700,18.48,4.80,7.34
2,1.25,6,11,8,ZOMBIE,1000,45000,0.68300,19.24,4.99,7.47
2,1.25,6,11,9,ZOMBIE,1000,45000,0.68500,19.27,4.99,7.49
2,1.25,7,9,7,ZOMBIE,1000,45000,0.68700,19.14,4.97,7.51
2,1.25,7,9,8,ZOMBIE,1000,45000,0.64500,20.44,5.29,7.87
2,1.25,7,9,9,ZOMBIE,1000,45000,0.64500,20.44,5.29,7.87
2,1.25,7,10,7,ZOMBIE,1000,45000,0.68900,18.85,4.89,7.38
2,1.25,7,10,8,ZOMBIE,1000,45000,0.67500,19.28,4.99,7.54
2,1.25,7,10,9,ZOMBIE,1000,45000,0.67500,19.28,4.99,7.54
2,1.25,7,11,7,ZOMBIE,1000,45000,0.71400,18.14,4.70,7.14
2,1.25,7,11,8,ZOMBIE,1000,45000,0.71000,18.26,4.73,7.18
2,1.25,7,11,9,ZOMBIE,1000,45000,0.71000,18.26,4.73,7.18
2,1.25,3,5,7,HUSK,1000,45000,0.65800,21.00,5.57,7.92
2,1.25,3,5,8,HUSK,1000,45000,0.63200,24.00,6.27,8.56
2,1.25,3,5,9,HUSK,1000,45000,0.61500,27.00,6.94,8.97
2,1.25,3,6,7,HUSK,1000,45000,0.69600,21.00,5.46,8.18
2,1.25,3,6,8,HUSK,1000,45000,0.60600,23.99,6.13,8.34
2,1.25,3,6,9,HUSK,1000,45000,0.62300,26.82,6.77,9.05
2,1.25,3,7,7,HUSK,1000,45000,0.70800,21.00,5.36,8.23
2,1.25,3,7,8,HUSK,1000,45000,0.67900,23.78,6.00,8.51
2,1.25,3,7,9,HUSK,1000,45000,0.65100,26.00,6.62,9.05
2,1.25,4,5,7,HUSK,1000,45000,0.68200,21.00,5.52,8.14
2,1.25,4,5,8,HUSK,1000,45000,0.66600,24.00,6.20,8.62
2,1.25,4,5,9,HUSK,1000,45000,0.63500,27.00,6.86,9.10
2,1.25,4,6,7,HUSK,1000,45000,0.71100,21.00,5.41,8.32
2,1.25,4,6,8,HUSK,1000,45000,0.67500,23.98,6.07,8.70
2,1.25,4,6,9,HUSK,1000,45000,0.61700,26.48,6.70,9.14
2,1.25,4,7,7,HUSK,1000,45000,0.74000,20.97,5.31,8.18
2,1.25,4,7,8,HUSK,1000,45000,0.67100,23.45,5.94,8.35
2,1.25,4,7,9,HUSK,1000,45000,0.63500,25.52,6.55,9.07
2,1.25,5,5,7,HUSK,1000,45000,0.72600,21.00,5.33,8.02
2,1.25,5,5,8,HUSK,1000,45000,0.64900,24.00,5.98,8.50
2,1.25,5,5,9,HUSK,1000,45000,0.62500,26.00,6.60,8.99
2,1.25,5,6,7,HUSK,1000,45000,0.69200,21.00,5.34,8.09
2,1.25,5,6,8,HUSK,1000,45000,0.67300,23.76,5.98,8.41
2,1.25,5,6,9,HUSK,1000,45000,0.60400,25.78,6.59,8.91
2,1.25,5,7,7,HUSK,1000,45000,0.72800,20.87,5.25,8.10
2,1.25,5,7,8,HUSK,1000,45000,0.67700,23.01,5.87,8.56
2,1.25,5,7,9,HUSK,1000,45000,0.65600,25.09,6.48,9.24
2,1.25,3,5,11,SKELETON,1000,45000,0.64000,28.70,8.14,9.11
2,1.25,3,5,12,SKELETON,1000,45000,0.59200,30.66,8.74,9.35
2,1.25,3,5,13,SKELETON,1000,45000,0.56200,32.66,9.33,9.52
2,1.25,3,6,11,SKELETON,1000,45000,0.65400,27.77,7.94,9.13
2,1.25,3,6,12,SKELETON,1000,45000,0.61600,29.77,8.51,9.49
2,1.25,3,6,13,SKELETON,1000,45000,0.59600,31.74,9.04,9.81
2,1.25,3,7,11,SKELETON,1000,45000,0.65400,27.02,7.73,9.09
2,1.25,3,7,12,SKELETON,1000,45000,0.63200,29.00,8.25,9.22
2,1.25,3,7,13,SKELETON,1000,45000,0.60600,30.68,8.67,9.58
2,1.25,4,5,11,SKELETON,1000,45000,0.64200,28.00,7.98,9.06
2,1.25,4,5,12,SKELETON,1000,45000,0.59500,30.00,8.57,9.41
2,1.25,4,5,13,SKELETON,1000,45000,0.59400,31.98,9.11,9.74
2,1.25,4,6,11,SKELETON,1000,45000,0.64900,27.25,7.79,9.16
2,1.25,4,6,12,SKELETON,1000,45000,0.62800,29.28,8.33,9.31
2,1.25,4,6,13,SKELETON,1000,45000,0.61000,31.13,8.80,9.65
2,1.25,4,7,11,SKELETON,1000,45000,0.67000,26.60,7.57,8.88
2,1.25,4,7,12,SKELETON,1000,45000,0.64000,28.35,8.01,9.21
2,1.25,4,7,13,SKELETON,1000,45000,0.63400,29.31,8.27,9.28
2,1.25,5,5,11,SKELETON,1000,45000,0.67000,26.70,7.76,9.26
2,1.25,5,5,12,SKELETON,1000,45000,0.63600,28.66,8.29,9.42
2,1.25,5,5,13,SKELETON,1000,45000,0.58700,30.59,8.76,9.73
2,1.25,5,6,11,SKELETON,1000,45000,0.67600,26.83,7.64,9.04
2,1.25,5,6,12,SKELETON,1000,45000,0.64200,28.75,8.12,9.31
2,1.25,5,6,13,SKELETON,1000,45000,0.64400,29.51,8.32,9.46
2,1.25,5,7,11,SKELETON,1000,45000,0.69000,26.17,7.40,9.11
2,1.25,5,7,12,SKELETON,1000,45000,0.67500,27.07,7.63,9.20
2,1.25,5,7,13,SKELETON,1000,45000,0.67300,27.11,7.64,9.20
2,1.25,6,10,5,SPIDER,1000,45000,0.62000,16.36,3.63,4.62
2,1.25,6,10,6,SPIDER,1000,45000,0.60300,19.04,4.17,5.19
2,1.25,6,10,7,SPIDER,1000,45000,0.55500,20.41,4.47,5.24
2,1.25,6,11,5,SPIDER,1000,45000,0.66300,16.17,3.57,4.69
2,1.25,6,11,6,SPIDER,1000,45000,0.61600,18.51,4.06,5.12
2,1.25,6,11,7,SPIDER,1000,45000,0.60600,19.26,4.22,5.23
2,1.25,6,12,5,SPIDER,1000,45000,0.64700,15.93,3.51,4.69
2,1.25,6,12,6,SPIDER,1000,45000,0.60700,17.85,3.91,4.92
2,1.25,6,12,7,SPIDER,1000,45000,0.59100,18.24,4.00,4.94
2,1.25,7,10,5,SPIDER,1000,45000,0.62100,16.26,3.60,4.67
2,1.25,7,10,6,SPIDER,1000,45000,0.60000,18.88,4.13,5.12
2,1.25,7,10,7,SPIDER,1000,45000,0.58800,19.28,4.22,5.19
2,1.25,7,11,5,SPIDER,1000,45000,0.67600,16.00,3.52,4.74
2,1.25,7,11,6,SPIDER,1000,45000,0.60800,18.11,3.97,4.94
2,1.25,7,11,7,SPIDER,1000,45000,0.60200,18.26,4.00,4.96
2,1.25,7,12,5,SPIDER,1000,45000,0.63500,15.78,3.47,4.65
2,1.25,7,12,6,SPIDER,1000,45000,0.63900,17.24,3.78,4.87
2,1.25,7,12,7,SPIDER,1000,45000,0.63100,17.28,3.79,4.88
2,1.25,8,10,5,SPIDER,1000,45000,0.65900,15.94,3.51,4.65
2,1.25,8,10,6,SPIDER,1000,45000,0.61900,18.21,3.99,5.06
2,1.25,8,10,7,SPIDER,1000,45000,0.61900,18.21,3.99,5.06
2,1.25,8,11,5,SPIDER,1000,45000,0.66900,15.86,3.48,4.57
2,1.25,8,11,6,SPIDER,1000,45000,0.63000,17.29,3.79,4.83
2,1.25,8,11,7,SPIDER,1000,45000,0.63000,17.29,3.79,4.83
2,1.25,8,12,5,SPIDER,1000,45000,0.64900,15.72,3.45,4.52
2,1.25,8,12,6,SPIDER,1000,45000,0.63000,16.48,3.61,4.61
2,1.25,8,12,7,SPIDER,1000,45000,0.63000,16.48,3.61,4.61
2,1.25,2,4,5,CREEPER,1000,45000,0.68800,21.21,4.13,1.15
2,1.25,2,4,6,CREEPER,1000,45000,0.62500,25.23,4.90,1.30
2,1.25,2,4,7,CREEPER,1000,45000,0.57500,29.19,5.65,1.41
2,1.25,2,5,5,CREEPER,1000,45000,0.62800,20.82,4.06,1.10
2,1.25,2,5,6,CREEPER,1000,45000,0.64800,24.83,4.80,1.27
2,1.25,2,5,7,CREEPER,1000,45000,0.60600,28.85,5.53,1.38
2,1.25,2,6,5,CREEPER,1000,45000,0.68000,20.59,3.99,1.15
2,1.25,2,6,6,CREEPER,1000,45000,0.64200,24.59,4.71,1.24
2,1.25,2,6,7,CREEPER,1000,45000,0.60500,28.58,5.40,1.38
2,1.25,3,4,5,CREEPER,1000,45000,0.67100,21.04,4.11,1.14
2,1.25,3,4,6,CREEPER,1000,45000,0.63200,25.03,4.86,1.31
2,1.25,3,4,7,CREEPER,1000,45000,0.57500,29.05,5.60,1.38
2,1.25,3,5,5,CREEPER,1000,45000,0.67900,20.74,4.04,1.09
2,1.25,3,5,6,CREEPER,1000,45000,0.63900,24.74,4.77,1.32
2,1.25,3,5,7,CREEPER,1000,45000,0.58900,28.73,5.48,1.34
2,1.25,3,6,5,CREEPER,1000,45000,0.65600,20.49,3.97,1.12
2,1.25,3,6,6,CREEPER,1000,45000,0.65100,24.53,4.67,1.28
2,1.25,3,6,7,CREEPER,1000,45000,0.59700,28.45,5.35,1.36
2,1.25,4,4,5,CREEPER,1000,45000,0.64400,20.00,4.04,1.10
2,1.25,4,4,6,CREEPER,1000,45000,0.64000,24.00,4.79,1.29
2,1.25,4,4,7,CREEPER,1000,45000,0.59300,28.00,5.51,1.40
2,1.25,4,5,5,CREEPER,1000,45000,0.68700,20.50,4.00,1.18
2,1.25,4,5,6,CREEPER,1000,45000,0.63800,24.49,4.72,1.26
2,1.25,4,5,7,CREEPER,1000,45000,0.60300,28.45,5.41,1.39
2,1.25,4,6,5,CREEPER,1000,45000,0.67100,20.38,3.94,1.11
2,1.25,4,6,6,CREEPER,1000,45000,0.66400,24.43,4.64,1.29
2,1.25,4,6,7,CREEPER,1000,45000,0.62200,28.27,5.30,1.33
3,1.45,3,5,5,ZOMBIE,1000,45000,0.59300,17.68,4.07,5.30
3,1.45,3,5,6,ZOMBIE,1000,45000,0.48400,20.75,4.82,5.87
3,1.45,3,5,7,ZOMBIE,1000,45000,0.41200,23.72,5.54,6.25
3,1.45,3,6,5,ZOMBIE,1000,45000,0.60200,17.24,4.01,5.42
3,1.45,3,6,6,ZOMBIE,1000,45000,0.49400,20.20,4.74,6.01
3,1.45,3,6,7,ZOMBIE,1000,45000,0.42900,23.20,5.43,6.39
3,1.45,3,7,5,ZOMBIE,1000,45000,0.62300,16.85,3.96,5.49
3,1.45,3,7,6,ZOMBIE,1000,45000,0.53900,19.83,4.65,6.08
3,1.45,3,7,7,ZOMBIE,1000,45000,0.47000,22.89,5.33,6.61
3,1.45,4,5,5,ZOMBIE,1000,45000,0.62300,17.53,4.05,5.52
3,1.45,4,5,6,ZOMBIE,1000,45000,0.50100,20.56,4.79,5.98
3,1.45,4,5,7,ZOMBIE,1000,45000,0.42800,23.53,5.50,6.45
3,1.45,4,6,5,ZOMBIE,1000,45000,0.60600,17.05,3.99,5.50
3,1.45,4,6,6,ZOMBIE,1000,45000,0.55600,20.02,4.70,6.07
3,1.45,4,6,7,ZOMBIE,1000,45000,0.44700,23.05,5.39,6.59
3,1.45,4,7,5,ZOMBIE,1000,45000,0.63500,16.69,3.93,5.61
3,1.45,4,7,6,ZOMBIE,1000,45000,0.55100,19.71,4.62,6.18
3,1.45,4,7,7,ZOMBIE,1000,45000,0.48000,22.72,5.28,6.67
3,1.45,5,5,5,ZOMBIE,1000,45000,0.61800,17.00,4.02,5.53
3,1.45,5,5,6,ZOMBIE,1000,45000,0.55100,20.00,4.75,6.20
3,1.45,5,5,7,ZOMBIE,1000,45000,0.45800,23.00,5.45,6.74
3,1.45,5,6,5,ZOMBIE,1000,45000,0.64900,17.13,3.99,5.64
3,1.45,5,6,6,ZOMBIE,1000,45000,0.53300,20.12,4.70,6.34
3,1.45,5,6,7,ZOMBIE,1000,45000,0.49500,23.12,5.37,6.77
3,1.45,5,7,5,ZOMBIE,1000,45000,0.63400,16.62,3.91,5.57
3,1.45,5,7,6,ZOMBIE,1000,45000,0.57800,19.60,4.58,6.23
3,1.45,5,7,7,ZOMBIE,1000,45000,0.49200,22.62,5.23,6.88
3,1.45,3,5,6,HUSK,1000,45000,0.57000,20.75,4.82,5.97
3,1.45,3,5,7,HUSK,1000,45000,0.52900,23.72,5.54,6.53
3,1.45,3,5,8,HUSK,1000,45000,0.47700,26.69,6.23,6.94
3,1.45,3,6,6,HUSK,1000,45000,0.56100,20.20,4.74,6.02
3,1.45,3,6,7,HUSK,1000,45000,0.52800,23.20,5.43,6.51
3,1.45,3,6,8,HUSK,1000,45000,0.47400,26.18,6.10,6.78
3,1.45,3,7,6,HUSK,1000,45000,0.60100,19.83,4.65,6.10
3,1.45,3,7,7,HUSK,1000,45000,0.54500,22.89,5.33,6.78
3,1.45,3,7,8,HUSK,1000,45000,0.48700,25.84,5.97,6.98
3,1.45,4,5,6,HUSK,1000,45000,0.59100,20.56,4.79,6.09
3,1.45,4,5,7,HUSK,1000,45000,0.52500,23.53,5.50,6.51
3,1.45,4,5,8,HUSK,1000,45000,0.47500,26.54,6.18,6.82
3,1.45,4,6,6,HUSK,1000,45000,0.59300,20.02,4.70,6.27
3,1.45,4,6,7,HUSK,1000,45000,0.52400,23.05,5.39,6.60
3,1.45,4,6,8,HUSK,1000,45000,0.48300,26.02,6.04,6.90
3,1.45,4,7,6,HUSK,1000,45000,0.63300,19.71,4.62,6.24
3,1.45,4,7,7,HUSK,1000,45000,0.56400,22.72,5.28,6.81
3,1.45,4,7,8,HUSK,1000,45000,0.51100,25.69,5.90,7.07
3,1.45,5,5,6,HUSK,1000,45000,0.56800,20.00,4.75,6.07
3,1.45,5,5,7,HUSK,1000,45000,0.52000,23.00,5.45,6.54
3,1.45,5,5,8,HUSK,1000,45000,0.47200,26.00,6.12,6.94
3,1.45,5,6,6,HUSK,1000,45000,0.64400,20.12,4.70,6.21
3,1.45,5,6,7,HUSK,1000,45000,0.55200,23.12,5.37,6.82
3,1.45,5,6,8,HUSK,1000,45000,0.51000,26.12,6.01,7.19
3,1.45,5,7,6,HUSK,1000,45000,0.62200,19.60,4.58,6.21
3,1.45,5,7,7,HUSK,1000,45000,0.55200,22.62,5.23,6.88
3,1.45,5,7,8,HUSK,1000,45000,0.51600,25.49,5.82,7.21
3,1.45,3,5,9,SKELETON,1000,45000,0.53700,27.03,6.81,7.55
3,1.45,3,5,10,SKELETON,1000,45000,0.47700,29.96,7.44,7.75
3,1.45,3,5,11,SKELETON,1000,45000,0.43600,32.57,8.06,8.04
3,1.45,3,6,9,SKELETON,1000,45000,0.55800,26.83,6.64,7.64
3,1.45,3,6,10,SKELETON,1000,45000,0.51100,29.18,7.24,7.74
3,1.45,3,6,11,SKELETON,1000,45000,0.47700,31.24,7.82,8.07
3,1.45,3,7,9,SKELETON,1000,45000,0.56500,26.08,6.49,7.44
3,1.45,3,7,10,SKELETON,1000,45000,0.52200,28.11,7.06,7.80
3,1.45,3,7,11,SKELETON,1000,45000,0.50800,30.07,7.58,8.07
3,1.45,4,5,9,SKELETON,1000,45000,0.53100,27.00,6.69,7.54
3,1.45,4,5,10,SKELETON,1000,45000,0.51000,29.63,7.30,7.73
3,1.45,4,5,11,SKELETON,1000,45000,0.46500,31.70,7.90,8.11
3,1.45,4,6,9,SKELETON,1000,45000,0.58300,26.40,6.52,7.62
3,1.45,4,6,10,SKELETON,1000,45000,0.54000,28.45,7.12,7.86
3,1.45,4,6,11,SKELETON,1000,45000,0.48400,30.49,7.67,8.11
3,1.45,4,7,9,SKELETON,1000,45000,0.57400,25.47,6.38,7.50
3,1.45,4,7,10,SKELETON,1000,45000,0.52200,27.51,6.92,7.82
3,1.45,4,7,11,SKELETON,1000,45000,0.50400,29.03,7.31,7.89
3,1.45,5,5,9,SKELETON,1000,45000,0.56800,26.00,6.44,7.57
3,1.45,5,5,10,SKELETON,1000,45000,0.52100,28.00,7.04,7.78
3,1.45,5,5,11,SKELETON,1000,45000,0.49300,30.00,7.61,7.97
3,1.45,5,6,9,SKELETON,1000,45000,0.56500,25.66,6.39,7.48
3,1.45,5,6,10,SKELETON,1000,45000,0.55400,27.66,6.96,7.90
3,1.45,5,6,11,SKELETON,1000,45000,0.53300,29.50,7.41,8.16
3,1.45,5,7,9,SKELETON,1000,45000,0.59800,24.98,6.28,7.53
3,1.45,5,7,10,SKELETON,1000,45000,0.57200,26.80,6.74,7.83
3,1.45,5,7,11,SKELETON,1000,45000,0.57400,27.11,6.81,7.82
3,1.45,9,15,5,SPIDER,1000,45000,0.57700,13.82,2.69,3.10
3,1.45,9,15,6,SPIDER,1000,45000,0.57700,13.82,2.69,3.10
3,1.45,9,15,7,SPIDER,1000,45000,0.57700,13.82,2.69,3.10
3,1.45,9,16,5,SPIDER,1000,45000,0.57600,13.27,2.58,2.99
3,1.45,9,16,6,SPIDER,1000,45000,0.57600,13.27,2.58,2.99
3,1.45,9,16,7,SPIDER,1000,45000,0.57600,13.27,2.58,2.99
3,1.45,9,17,5,SPIDER,1000,45000,0.59800,12.79,2.49,2.96
3,1.45,9,17,6,SPIDER,1000,45000,0.59800,12.79,2.49,2.96
3,1.45,9,17,7,SPIDER,1000,45000,0.59800,12.79,2.49,2.96
3,1.45,10,15,5,SPIDER,1000,45000,0.55900,13.27,2.58,2.97
3,1.45,10,15,6,SPIDER,1000,45000,0.55900,13.27,2.58,2.97
3,1.45,10,15,7,SPIDER,1000,45000,0.55900,13.27,2.58,2.97
3,1.45,10,16,5,SPIDER,1000,45000,0.56000,12.78,2.49,2.92
3,1.45,10,16,6,SPIDER,1000,45000,0.56000,12.78,2.49,2.92
3,1.45,10,16,7,SPIDER,1000,45000,0.56000,12.78,2.49,2.92
3,1.45,10,17,5,SPIDER,1000,45000,0.57700,12.32,2.40,2.75
3,1.45,10,17,6,SPIDER,1000,45000,0.57700,12.32,2.40,2.75
3,1.45,10,17,7,SPIDER,1000,45000,0.57700,12.32,2.40,2.75
3,1.45,11,15,5,SPIDER,1000,45000,0.58700,12.80,2.49,2.95
3,1.45,11,15,6,SPIDER,1000,45000,0.58700,12.80,2.49,2.95
3,1.45,11,15,7,SPIDER,1000,45000,0.58700,12.80,2.49,2.95
3,1.45,11,16,5,SPIDER,1000,45000,0.61300,12.32,2.40,2.81
3,1.45,11,16,6,SPIDER,1000,45000,0.61300,12.32,2.40,2.81
3,1.45,11,16,7,SPIDER,1000,45000,0.61300,12.32,2.40,2.81
3,1.45,11,17,5,SPIDER,1000,45000,0.60800,11.91,2.32,2.75
3,1.45,11,17,6,SPIDER,1000,45000,0.60800,11.91,2.32,2.75
3,1.45,11,17,7,SPIDER,1000,45000,0.60800,11.91,2.32,2.75
3,1.45,2,4,5,CREEPER,1000,45000,0.58700,25.00,4.10,0.98
3,1.45,2,4,6,CREEPER,1000,45000,0.56000,29.96,4.86,1.07
3,1.45,2,4,7,CREEPER,1000,45000,0.50800,34.58,5.60,1.25
3,1.45,2,5,5,CREEPER,1000,45000,0.58800,24.86,4.02,0.89
3,1.45,2,5,6,CREEPER,1000,45000,0.56500,29.20,4.75,1.06
3,1.45,2,5,7,CREEPER,1000,45000,0.49600,33.29,5.47,1.17
3,1.45,2,6,5,CREEPER,1000,45000,0.60000,24.24,3.94,0.93
3,1.45,2,6,6,CREEPER,1000,45000,0.56400,28.23,4.66,1.04
3,1.45,2,6,7,CREEPER,1000,45000,0.49200,32.22,5.34,1.12
3,1.45,3,4,5,CREEPER,1000,45000,0.60100,25.00,4.07,0.97
3,1.45,3,4,6,CREEPER,1000,45000,0.55800,29.85,4.82,1.04
3,1.45,3,4,7,CREEPER,1000,45000,0.49600,34.03,5.55,1.16
3,1.45,3,5,5,CREEPER,1000,45000,0.58700,24.72,3.99,0.93
3,1.45,3,5,6,CREEPER,1000,45000,0.56800,28.85,4.72,1.07
3,1.45,3,5,7,CREEPER,1000,45000,0.49200,32.83,5.43,1.19
3,1.45,3,6,5,CREEPER,1000,45000,0.60500,23.92,3.92,0.89
3,1.45,3,6,6,CREEPER,1000,45000,0.54700,27.93,4.62,1.00
3,1.45,3,6,7,CREEPER,1000,45000,0.51800,31.86,5.27,1.10
3,1.45,4,4,5,CREEPER,1000,45000,0.59500,24.00,3.89,0.91
3,1.45,4,4,6,CREEPER,1000,45000,0.58300,28.00,4.62,1.05
3,1.45,4,4,7,CREEPER,1000,45000,0.50900,32.00,5.32,1.14
3,1.45,4,5,5,CREEPER,1000,45000,0.60700,24.29,3.94,0.93
3,1.45,4,5,6,CREEPER,1000,45000,0.54900,28.32,4.66,1.04
3,1.45,4,5,7,CREEPER,1000,45000,0.52500,32.29,5.34,1.16
3,1.45,4,6,5,CREEPER,1000,45000,0.59200,23.71,3.89,0.89
3,1.45,4,6,6,CREEPER,1000,45000,0.57400,27.70,4.58,1.07
3,1.45,4,6,7,CREEPER,1000,45000,0.53000,31.44,5.19,1.12
4,1.65,5,9,5,ZOMBIE,1000,45000,0.50800,18.38,3.75,5.35
4,1.65,5,9,6,ZOMBIE,1000,45000,0.42900,21.31,4.36,5.89
4,1.65,5,9,7,ZOMBIE,1000,45000,0.40100,23.13,4.72,6.12
4,1.65,5,10,5,ZOMBIE,1000,45000,0.54100,18.01,3.69,5.25
4,1.65,5,10,6,ZOMBIE,1000,45000,0.47300,20.67,4.22,5.95
4,1.65,5,10,7,ZOMBIE,1000,45000,0.46000,21.74,4.44,6.11
4,1.65,5,11,5,ZOMBIE,1000,45000,0.54200,17.69,3.62,5.46
4,1.65,5,11,6,ZOMBIE,1000,45000,0.49200,19.86,4.06,5.73
4,1.65,5,11,7,ZOMBIE,1000,45000,0.47300,20.45,4.18,5.86
4,1.65,6,9,5,ZOMBIE,1000,45000,0.53000,18.25,3.73,5.36
4,1.65,6,9,6,ZOMBIE,1000,45000,0.43500,21.14,4.32,5.85
4,1.65,6,9,7,ZOMBIE,1000,45000,0.41900,21.76,4.44,5.95
4,1.65,6,10,5,ZOMBIE,1000,45000,0.55500,17.79,3.64,5.36
4,1.65,6,10,6,ZOMBIE,1000,45000,0.47100,20.24,4.13,5.68
4,1.65,6,10,7,ZOMBIE,1000,45000,0.46400,20.48,4.18,5.71
4,1.65,6,11,5,ZOMBIE,1000,45000,0.54700,17.51,3.59,5.37
4,1.65,6,11,6,ZOMBIE,1000,45000,0.50400,19.19,3.92,5.63
4,1.65,6,11,7,ZOMBIE,1000,45000,0.50200,19.27,3.94,5.67
4,1.65,7,9,5,ZOMBIE,1000,45000,0.56600,17.74,3.63,5.29
4,1.65,7,9,6,ZOMBIE,1000,45000,0.49600,20.44,4.17,5.97
4,1.65,7,9,7,ZOMBIE,1000,45000,0.49600,20.44,4.17,5.97
4,1.65,7,10,5,ZOMBIE,1000,45000,0.52300,17.71,3.62,5.28
4,1.65,7,10,6,ZOMBIE,1000,45000,0.50700,19.28,3.93,5.60
4,1.65,7,10,7,ZOMBIE,1000,45000,0.50700,19.28,3.93,5.60
4,1.65,7,11,5,ZOMBIE,1000,45000,0.56700,17.46,3.57,5.37
4,1.65,7,11,6,ZOMBIE,1000,45000,0.52300,18.26,3.73,5.54
4,1.65,7,11,7,ZOMBIE,1000,45000,0.52300,18.26,3.73,5.54
4,1.65,5,9,7,HUSK,1000,45000,0.46700,22.99,4.79,6.36
4,1.65,5,9,8,HUSK,1000,45000,0.47000,23.31,4.86,6.43
4,1.65,5,9,9,HUSK,1000,45000,0.47000,23.31,4.86,6.43
4,1.65,5,10,7,HUSK,1000,45000,0.49900,21.70,4.52,6.13
4,1.65,5,10,8,HUSK,1000,45000,0.49100,21.79,4.53,6.12
4,1.65,5,10,9,HUSK,1000,45000,0.49000,21.79,4.53,6.12
4,1.65,5,11,7,HUSK,1000,45000,0.52000,20.43,4.26,6.06
4,1.65,5,11,8,HUSK,1000,45000,0.51700,20.48,4.26,6.07
4,1.65,5,11,9,HUSK,1000,45000,0.51700,20.48,4.26,6.07
4,1.65,6,9,7,HUSK,1000,45000,0.50900,21.76,4.53,6.31
4,1.65,6,9,8,HUSK,1000,45000,0.50900,21.76,4.53,6.31
4,1.65,6,9,9,HUSK,1000,45000,0.50900,21.76,4.53,6.31
4,1.65,6,10,7,HUSK,1000,45000,0.51400,20.48,4.26,6.03
4,1.65,6,10,8,HUSK,1000,45000,0.51400,20.48,4.26,6.03
4,1.65,6,10,9,HUSK,1000,45000,0.51400,20.48,4.26,6.03
4,1.65,6,11,7,HUSK,1000,45000,0.54600,19.27,4.02,5.89
4,1.65,6,11,8,HUSK,1000,45000,0.54600,19.27,4.02,5.89
4,1.65,6,11,9,HUSK,1000,45000,0.54600,19.27,4.02,5.89
4,1.65,7,9,7,HUSK,1000,45000,0.53500,20.44,4.26,6.03
4,1.65,7,9,8,HUSK,1000,45000,0.53500,20.44,4.26,6.03
4,1.65,7,9,9,HUSK,1000,45000,0.53500,20.44,4.26,6.03
4,1.65,7,10,7,HUSK,1000,45000,0.54900,19.28,4.01,5.83
4,1.65,7,10,8,HUSK,1000,45000,0.54900,19.28,4.01,5.83
4,1.65,7,10,9,HUSK,1000,45000,0.54900,19.28,4.01,5.83
4,1.65,7,11,7,HUSK,1000,45000,0.55700,18.26,3.80,5.71
4,1.65,7,11,8,HUSK,1000,45000,0.55700,18.26,3.80,5.71
4,1.65,7,11,9,HUSK,1000,45000,0.55700,18.26,3.80,5.71
4,1.65,3,5,7,SKELETON,1000,45000,0.50600,23.29,5.44,6.79
4,1.65,3,5,8,SKELETON,1000,45000,0.45500,26.30,6.12,7.03
4,1.65,3,5,9,SKELETON,1000,45000,0.40300,29.28,6.78,7.64
4,1.65,3,6,7,SKELETON,1000,45000,0.53900,22.85,5.34,7.15
4,1.65,3,6,8,SKELETON,1000,45000,0.46200,25.88,5.99,7.33
4,1.65,3,6,9,SKELETON,1000,45000,0.40900,28.81,6.61,7.69
4,1.65,3,7,7,SKELETON,1000,45000,0.52100,22.60,5.24,6.99
4,1.65,3,7,8,SKELETON,1000,45000,0.49100,25.57,5.86,7.34
4,1.65,3,7,9,SKELETON,1000,45000,0.43600,28.32,6.43,7.70
4,1.65,4,5,7,SKELETON,1000,45000,0.53800,22.97,5.37,6.93
4,1.65,4,5,8,SKELETON,1000,45000,0.43700,25.96,6.03,7.24
4,1.65,4,5,9,SKELETON,1000,45000,0.40700,28.94,6.66,7.73
4,1.65,4,6,7,SKELETON,1000,45000,0.52900,22.63,5.27,6.96
4,1.65,4,6,8,SKELETON,1000,45000,0.45700,25.64,5.90,7.34
4,1.65,4,6,9,SKELETON,1000,45000,0.46600,28.52,6.49,7.63
4,1.65,4,7,7,SKELETON,1000,45000,0.55100,22.38,5.17,7.07
4,1.65,4,7,8,SKELETON,1000,45000,0.48400,25.28,5.76,7.35
4,1.65,4,7,9,SKELETON,1000,45000,0.45200,27.73,6.29,7.61
4,1.65,5,5,7,SKELETON,1000,45000,0.49500,23.31,5.47,7.04
4,1.65,5,5,8,SKELETON,1000,45000,0.45500,26.32,6.14,7.42
4,1.65,5,5,9,SKELETON,1000,45000,0.42000,29.31,6.77,7.74
4,1.65,5,6,7,SKELETON,1000,45000,0.54400,22.41,5.19,7.28
4,1.65,5,6,8,SKELETON,1000,45000,0.50400,25.39,5.79,7.42
4,1.65,5,6,9,SKELETON,1000,45000,0.46900,27.95,6.33,7.62
4,1.65,5,7,7,SKELETON,1000,45000,0.53100,22.23,5.10,6.97
4,1.65,5,7,8,SKELETON,1000,45000,0.49100,25.00,5.66,7.34
4,1.65,5,7,9,SKELETON,1000,45000,0.47800,26.94,6.10,7.66
4,1.65,11,17,5,SPIDER,1000,45000,0.46200,11.91,2.09,2.10
4,1.65,11,17,6,SPIDER,1000,45000,0.46200,11.91,2.09,2.10
4,1.65,11,17,7,SPIDER,1000,45000,0.46200,11.91,2.09,2.10
4,1.65,11,18,5,SPIDER,1000,45000,0.48500,11.51,2.02,2.09
4,1.65,11,18,6,SPIDER,1000,45000,0.48500,11.51,2.02,2.09
4,1.65,11,18,7,SPIDER,1000,45000,0.48500,11.51,2.02,2.09
4,1.65,11,19,5,SPIDER,1000,45000,0.48100,11.15,1.96,2.00
4,1.65,11,19,6,SPIDER,1000,45000,0.48100,11.15,1.96,2.00
4,1.65,11,19,7,SPIDER,1000,45000,0.48100,11.15,1.96,2.00
4,1.65,12,17,5,SPIDER,1000,45000,0.46300,11.50,2.02,2.10
4,1.65,12,17,6,SPIDER,1000,45000,0.46300,11.50,2.02,2.10
4,1.65,12,17,7,SPIDER,1000,45000,0.46300,11.50,2.02,2.10
4,1.65,12,18,5,SPIDER,1000,45000,0.48600,11.14,1.96,2.03
4,1.65,12,18,6,SPIDER,1000,45000,0.48600,11.14,1.96,2.03
4,1.65,12,18,7,SPIDER,1000,45000,0.48600,11.14,1.96,2.03
4,1.65,12,19,5,SPIDER,1000,45000,0.49400,10.80,1.89,1.94
4,1.65,12,19,6,SPIDER,1000,45000,0.49400,10.80,1.89,1.94
4,1.65,12,19,7,SPIDER,1000,45000,0.49400,10.80,1.89,1.94
4,1.65,13,17,5,SPIDER,1000,45000,0.50600,11.12,1.96,2.10
4,1.65,13,17,6,SPIDER,1000,45000,0.50600,11.12,1.96,2.10
4,1.65,13,17,7,SPIDER,1000,45000,0.50600,11.12,1.96,2.10
4,1.65,13,18,5,SPIDER,1000,45000,0.51000,10.82,1.89,1.98
4,1.65,13,18,6,SPIDER,1000,45000,0.51000,10.82,1.89,1.98
4,1.65,13,18,7,SPIDER,1000,45000,0.51000,10.82,1.89,1.98
4,1.65,13,19,5,SPIDER,1000,45000,0.53600,10.48,1.84,2.01
4,1.65,13,19,6,SPIDER,1000,45000,0.53600,10.48,1.84,2.01
4,1.65,13,19,7,SPIDER,1000,45000,0.53600,10.48,1.84,2.01
4,1.65,4,6,5,CREEPER,1000,45000,0.51100,26.10,3.86,0.85
4,1.65,4,6,6,CREEPER,1000,45000,0.49100,30.60,4.51,0.97
4,1.65,4,6,7,CREEPER,1000,45000,0.45100,32.50,4.78,0.98
4,1.65,4,7,5,CREEPER,1000,45000,0.53500,25.53,3.76,0.84
4,1.65,4,7,6,CREEPER,1000,45000,0.47500,28.97,4.27,0.92
4,1.65,4,7,7,CREEPER,1000,45000,0.46900,29.52,4.35,0.93
4,1.65,4,8,5,CREEPER,1000,45000,0.53000,24.82,3.66,0.86
4,1.65,4,8,6,CREEPER,1000,45000,0.49300,26.94,3.97,0.92
4,1.65,4,8,7,CREEPER,1000,45000,0.49200,27.11,3.99,0.91
4,1.65,5,6,5,CREEPER,1000,45000,0.54600,25.36,3.75,0.84
4,1.65,5,6,6,CREEPER,1000,45000,0.49400,29.50,4.34,0.97
4,1.65,5,6,7,CREEPER,1000,45000,0.49400,29.50,4.34,0.97
4,1.65,5,7,5,CREEPER,1000,45000,0.52300,25.47,3.75,0.83
4,1.65,5,7,6,CREEPER,1000,45000,0.49000,27.15,4.00,0.84
4,1.65,5,7,7,CREEPER,1000,45000,0.49000,27.15,4.00,0.84
4,1.65,5,8,5,CREEPER,1000,45000,0.52100,24.50,3.61,0.85
4,1.65,5,8,6,CREEPER,1000,45000,0.49900,25.06,3.69,0.84
4,1.65,5,8,7,CREEPER,1000,45000,0.49900,25.06,3.69,0.84
4,1.65,6,6,5,CREEPER,1000,45000,0.48500,27.00,3.99,0.87
4,1.65,6,6,6,CREEPER,1000,45000,0.48500,27.00,3.99,0.87
4,1.65,6,6,7,CREEPER,1000,45000,0.48500,27.00,3.99,0.87
4,1.65,6,7,5,CREEPER,1000,45000,0.49800,25.04,3.69,0.84
4,1.65,6,7,6,CREEPER,1000,45000,0.49800,25.04,3.69,0.84
4,1.65,6,7,7,CREEPER,1000,45000,0.49800,25.04,3.69,0.84
4,1.65,6,8,5,CREEPER,1000,45000,0.52700,23.35,3.44,0.80
4,1.65,6,8,6,CREEPER,1000,45000,0.52700,23.35,3.44,0.80
4,1.65,6,8,7,CREEPER,1000,45000,0.52700,23.35,3.44,0.80
