building,blueprint_file,x,y,z,state,fully_enclosed_by_blueprint,requires_opaque_floor,north,east,south,west,up,down
三花,/home/minecraft/minecraft/cc-core/plugins/ChampionshipsCore/buildmart/blueprints/三花.yml,3,2,3,minecraft:white_wool,True,False,"(3,2,2)=minecraft:white_wool","(4,2,3)=minecraft:white_wool","(3,2,4)=minecraft:white_wool","(2,2,3)=minecraft:yellow_terracotta","(3,3,3)=minecraft:white_wool","(3,1,3)=minecraft:white_wool"
三花,/home/minecraft/minecraft/cc-core/plugins/ChampionshipsCore/buildmart/blueprints/三花.yml,4,2,3,minecraft:white_wool,True,False,"(4,2,2)=minecraft:white_wool","(5,2,3)=minecraft:white_wool","(4,2,4)=minecraft:white_wool","(3,2,3)=minecraft:white_wool","(4,3,3)=minecraft:white_wool","(4,1,3)=minecraft:white_wool"
三花,/home/minecraft/minecraft/cc-core/plugins/ChampionshipsCore/buildmart/blueprints/三花.yml,5,2,3,minecraft:white_wool,True,False,"(5,2,2)=minecraft:yellow_terracotta","(6,2,3)=minecraft:gray_terracotta","(5,2,4)=minecraft:gray_terracotta","(4,2,3)=minecraft:white_wool","(5,3,3)=minecraft:yellow_terracotta","(5,1,3)=minecraft:white_wool"
下界要塞,/home/minecraft/minecraft/cc-core/plugins/ChampionshipsCore/buildmart/blueprints/下界要塞.yml,1,2,5,minecraft:nether_wart_block,True,False,"(1,2,4)=minecraft:nether_wart_block","(2,2,5)=minecraft:nether_wart_block","(1,2,6)=minecraft:nether_wart_block","(0,2,5)=minecraft:nether_wart_block","(1,3,5)=minecraft:nether_wart_block","(1,1,5)=minecraft:crimson_stem[axis=y]"
共鸣鸟居,/home/minecraft/minecraft/cc-core/plugins/ChampionshipsCore/buildmart/blueprints/共鸣鸟居.yml,3,0,1,minecraft:spruce_log[axis=y],False,True,"(3,0,0)=minecraft:dark_oak_trapdoor[facing=north,half=bottom,open=true,powered=false,waterlogged=false]","(4,0,1)=minecraft:dark_oak_trapdoor[facing=east,half=bottom,open=true,powered=false,waterlogged=false]","(3,0,2)=minecraft:dark_oak_trapdoor[facing=south,half=bottom,open=true,powered=false,waterlogged=false]","(2,0,1)=minecraft:dark_oak_trapdoor[facing=west,half=bottom,open=true,powered=false,waterlogged=false]","(3,1,1)=minecraft:stripped_acacia_log[axis=y]","(3,-1,1)=plot_floor"
共鸣鸟居,/home/minecraft/minecraft/cc-core/plugins/ChampionshipsCore/buildmart/blueprints/共鸣鸟居.yml,3,0,5,minecraft:spruce_log[axis=y],False,True,"(3,0,4)=minecraft:dark_oak_trapdoor[facing=north,half=bottom,open=true,powered=false,waterlogged=false]","(4,0,5)=minecraft:dark_oak_trapdoor[facing=east,half=bottom,open=true,powered=false,waterlogged=false]","(3,0,6)=minecraft:dark_oak_trapdoor[facing=south,half=bottom,open=true,powered=false,waterlogged=false]","(2,0,5)=minecraft:dark_oak_trapdoor[facing=west,half=bottom,open=true,powered=false,waterlogged=false]","(3,1,5)=minecraft:stripped_acacia_log[axis=y]","(3,-1,5)=plot_floor"
喷泉,/home/minecraft/minecraft/cc-core/plugins/ChampionshipsCore/buildmart/blueprints/喷泉.yml,2,0,3,minecraft:light_blue_wool,False,True,"(2,0,2)=minecraft:light_blue_wool","(3,0,3)=minecraft:light_blue_wool","(2,0,4)=minecraft:light_blue_wool","(1,0,3)=minecraft:quartz_stairs[facing=east,half=top,shape=straight,waterlogged=false]","(2,1,3)=minecraft:light_blue_wool","(2,-1,3)=plot_floor"
喷泉,/home/minecraft/minecraft/cc-core/plugins/ChampionshipsCore/buildmart/blueprints/喷泉.yml,3,0,2,minecraft:light_blue_wool,False,True,"(3,0,1)=minecraft:quartz_stairs[facing=south,half=top,shape=straight,waterlogged=false]","(4,0,2)=minecraft:light_blue_wool","(3,0,3)=minecraft:light_blue_wool","(2,0,2)=minecraft:light_blue_wool","(3,1,2)=minecraft:light_blue_wool","(3,-1,2)=plot_floor"
喷泉,/home/minecraft/minecraft/cc-core/plugins/ChampionshipsCore/buildmart/blueprints/喷泉.yml,3,0,3,minecraft:light_blue_wool,False,True,"(3,0,2)=minecraft:light_blue_wool","(4,0,3)=minecraft:light_blue_wool","(3,0,4)=minecraft:light_blue_wool","(2,0,3)=minecraft:light_blue_wool","(3,1,3)=minecraft:light_blue_wool","(3,-1,3)=plot_floor"
喷泉,/home/minecraft/minecraft/cc-core/plugins/ChampionshipsCore/buildmart/blueprints/喷泉.yml,3,0,4,minecraft:light_blue_wool,False,True,"(3,0,3)=minecraft:light_blue_wool","(4,0,4)=minecraft:light_blue_wool","(3,0,5)=minecraft:quartz_stairs[facing=north,half=top,shape=straight,waterlogged=false]","(2,0,4)=minecraft:light_blue_wool","(3,1,4)=minecraft:light_blue_wool","(3,-1,4)=plot_floor"
喷泉,/home/minecraft/minecraft/cc-core/plugins/ChampionshipsCore/buildmart/blueprints/喷泉.yml,3,1,3,minecraft:light_blue_wool,True,False,"(3,1,2)=minecraft:light_blue_wool","(4,1,3)=minecraft:light_blue_wool","(3,1,4)=minecraft:light_blue_wool","(2,1,3)=minecraft:light_blue_wool","(3,2,3)=minecraft:light_blue_wool","(3,0,3)=minecraft:light_blue_wool"
喷泉,/home/minecraft/minecraft/cc-core/plugins/ChampionshipsCore/buildmart/blueprints/喷泉.yml,4,0,3,minecraft:light_blue_wool,False,True,"(4,0,2)=minecraft:light_blue_wool","(5,0,3)=minecraft:quartz_stairs[facing=west,half=top,shape=straight,waterlogged=false]","(4,0,4)=minecraft:light_blue_wool","(3,0,3)=minecraft:light_blue_wool","(4,1,3)=minecraft:light_blue_wool","(4,-1,3)=plot_floor"
守卫者,/home/minecraft/minecraft/cc-core/plugins/ChampionshipsCore/buildmart/blueprints/守卫者.yml,3,1,3,minecraft:prismarine_bricks,True,False,"(3,1,2)=minecraft:prismarine_bricks","(4,1,3)=minecraft:prismarine_bricks","(3,1,4)=minecraft:prismarine_bricks","(2,1,3)=minecraft:prismarine_bricks","(3,2,3)=minecraft:prismarine_bricks","(3,0,3)=minecraft:prismarine_bricks"
守卫者,/home/minecraft/minecraft/cc-core/plugins/ChampionshipsCore/buildmart/blueprints/守卫者.yml,4,0,2,minecraft:prismarine_bricks,False,True,"(4,0,1)=minecraft:smooth_red_sandstone","(5,0,2)=minecraft:prismarine_bricks","(4,0,3)=minecraft:prismarine_bricks","(3,0,2)=minecraft:prismarine_bricks","(4,1,2)=minecraft:prismarine_bricks","(4,-1,2)=plot_floor"
守卫者,/home/minecraft/minecraft/cc-core/plugins/ChampionshipsCore/buildmart/blueprints/守卫者.yml,4,0,3,minecraft:prismarine_bricks,False,True,"(4,0,2)=minecraft:prismarine_bricks","(5,0,3)=minecraft:prismarine_bricks","(4,0,4)=minecraft:prismarine_bricks","(3,0,3)=minecraft:prismarine_bricks","(4,1,3)=minecraft:prismarine_bricks","(4,-1,3)=plot_floor"
守卫者,/home/minecraft/minecraft/cc-core/plugins/ChampionshipsCore/buildmart/blueprints/守卫者.yml,4,0,4,minecraft:prismarine_bricks,False,True,"(4,0,3)=minecraft:prismarine_bricks","(5,0,4)=minecraft:prismarine_bricks","(4,0,5)=minecraft:smooth_red_sandstone","(3,0,4)=minecraft:prismarine_bricks","(4,1,4)=minecraft:prismarine_bricks","(4,-1,4)=plot_floor"
守卫者,/home/minecraft/minecraft/cc-core/plugins/ChampionshipsCore/buildmart/blueprints/守卫者.yml,4,1,3,minecraft:prismarine_bricks,True,False,"(4,1,2)=minecraft:prismarine_bricks","(5,1,3)=minecraft:red_terracotta","(4,1,4)=minecraft:prismarine_bricks","(3,1,3)=minecraft:prismarine_bricks","(4,2,3)=minecraft:prismarine_bricks","(4,0,3)=minecraft:prismarine_bricks"
守卫者,/home/minecraft/minecraft/cc-core/plugins/ChampionshipsCore/buildmart/blueprints/守卫者.yml,4,2,3,minecraft:prismarine_bricks,True,False,"(4,2,2)=minecraft:prismarine_bricks","(5,2,3)=minecraft:prismarine_bricks","(4,2,4)=minecraft:prismarine_bricks","(3,2,3)=minecraft:prismarine_bricks","(4,3,3)=minecraft:smooth_red_sandstone","(4,1,3)=minecraft:prismarine_bricks"
小火箭,/home/minecraft/minecraft/cc-core/plugins/ChampionshipsCore/buildmart/blueprints/小火箭.yml,3,2,3,minecraft:white_wool,True,False,"(3,2,2)=minecraft:white_wool","(4,2,3)=minecraft:white_wool","(3,2,4)=minecraft:white_wool","(2,2,3)=minecraft:white_wool","(3,3,3)=minecraft:white_wool","(3,1,3)=minecraft:white_wool"
小火箭,/home/minecraft/minecraft/cc-core/plugins/ChampionshipsCore/buildmart/blueprints/小火箭.yml,3,4,3,minecraft:white_wool,True,False,"(3,4,2)=minecraft:white_wool","(4,4,3)=minecraft:white_wool","(3,4,4)=minecraft:white_wool","(2,4,3)=minecraft:white_wool","(3,5,3)=minecraft:white_wool","(3,3,3)=minecraft:white_wool"
小狗嚼,/home/minecraft/minecraft/cc-core/plugins/ChampionshipsCore/buildmart/blueprints/小狗嚼.yml,2,2,3,minecraft:light_gray_terracotta,True,False,"(2,2,2)=minecraft:light_gray_terracotta","(3,2,3)=minecraft:light_gray_terracotta","(2,2,4)=minecraft:light_gray_terracotta","(1,2,3)=minecraft:light_gray_terracotta","(2,3,3)=minecraft:light_gray_terracotta","(2,1,3)=minecraft:white_terracotta"
小狗嚼,/home/minecraft/minecraft/cc-core/plugins/ChampionshipsCore/buildmart/blueprints/小狗嚼.yml,3,2,3,minecraft:light_gray_terracotta,True,False,"(3,2,2)=minecraft:light_gray_terracotta","(4,2,3)=minecraft:light_gray_terracotta","(3,2,4)=minecraft:light_gray_terracotta","(2,2,3)=minecraft:light_gray_terracotta","(3,3,3)=minecraft:light_gray_terracotta","(3,1,3)=minecraft:white_terracotta"
小狗嚼,/home/minecraft/minecraft/cc-core/plugins/ChampionshipsCore/buildmart/blueprints/小狗嚼.yml,3,3,3,minecraft:light_gray_terracotta,True,False,"(3,3,2)=minecraft:light_gray_terracotta","(4,3,3)=minecraft:light_gray_terracotta","(3,3,4)=minecraft:light_gray_terracotta","(2,3,3)=minecraft:light_gray_terracotta","(3,4,3)=minecraft:light_gray_terracotta","(3,2,3)=minecraft:light_gray_terracotta"
小狗嚼,/home/minecraft/minecraft/cc-core/plugins/ChampionshipsCore/buildmart/blueprints/小狗嚼.yml,4,2,3,minecraft:light_gray_terracotta,True,False,"(4,2,2)=minecraft:light_gray_terracotta","(5,2,3)=minecraft:light_gray_terracotta","(4,2,4)=minecraft:light_gray_terracotta","(3,2,3)=minecraft:light_gray_terracotta","(4,3,3)=minecraft:light_gray_terracotta","(4,1,3)=minecraft:white_terracotta"
小狗嚼,/home/minecraft/minecraft/cc-core/plugins/ChampionshipsCore/buildmart/blueprints/小狗嚼.yml,4,3,3,minecraft:light_gray_terracotta,True,False,"(4,3,2)=minecraft:light_gray_terracotta","(5,3,3)=minecraft:light_gray_terracotta","(4,3,4)=minecraft:light_gray_terracotta","(3,3,3)=minecraft:light_gray_terracotta","(4,4,3)=minecraft:light_gray_terracotta","(4,2,3)=minecraft:light_gray_terracotta"
小狗嚼,/home/minecraft/minecraft/cc-core/plugins/ChampionshipsCore/buildmart/blueprints/小狗嚼.yml,5,2,3,minecraft:light_gray_terracotta,True,False,"(5,2,2)=minecraft:light_gray_terracotta","(6,2,3)=minecraft:black_terracotta","(5,2,4)=minecraft:light_gray_terracotta","(4,2,3)=minecraft:light_gray_terracotta","(5,3,3)=minecraft:light_gray_terracotta","(5,1,3)=minecraft:pink_terracotta"
小神社,/home/minecraft/minecraft/cc-core/plugins/ChampionshipsCore/buildmart/blueprints/小神社.yml,2,0,3,minecraft:stone_bricks,False,True,"(2,0,2)=minecraft:stone_bricks","(3,0,3)=minecraft:stone_bricks","(2,0,4)=minecraft:stone_bricks","(1,0,3)=minecraft:stone_bricks","(2,1,3)=minecraft:white_wool","(2,-1,3)=plot_floor"
小神社,/home/minecraft/minecraft/cc-core/plugins/ChampionshipsCore/buildmart/blueprints/小神社.yml,3,0,3,minecraft:stone_bricks,False,True,"(3,0,2)=minecraft:stone_bricks","(4,0,3)=minecraft:stone_bricks","(3,0,4)=minecraft:stone_bricks","(2,0,3)=minecraft:stone_bricks","(3,1,3)=minecraft:gold_block","(3,-1,3)=plot_floor"
小神社,/home/minecraft/minecraft/cc-core/plugins/ChampionshipsCore/buildmart/blueprints/小神社.yml,4,0,3,minecraft:stone_bricks,False,True,"(4,0,2)=minecraft:stone_bricks","(5,0,3)=minecraft:stone_bricks","(4,0,4)=minecraft:stone_bricks","(3,0,3)=minecraft:stone_bricks","(4,1,3)=minecraft:white_wool","(4,-1,3)=plot_floor"
小老鼠,/home/minecraft/minecraft/cc-core/plugins/ChampionshipsCore/buildmart/blueprints/小老鼠.yml,2,0,3,minecraft:light_gray_wool,False,True,"(2,0,2)=minecraft:light_gray_wool","(3,0,3)=minecraft:light_gray_wool","(2,0,4)=minecraft:light_gray_wool","(1,0,3)=minecraft:pink_wool","(2,1,3)=minecraft:light_gray_wool","(2,-1,3)=plot_floor"
小老鼠,/home/minecraft/minecraft/cc-core/plugins/ChampionshipsCore/buildmart/blueprints/小老鼠.yml,3,0,3,minecraft:light_gray_wool,False,True,"(3,0,2)=minecraft:light_gray_wool","(4,0,3)=minecraft:white_wool","(3,0,4)=minecraft:light_gray_wool","(2,0,3)=minecraft:light_gray_wool","(3,1,3)=minecraft:light_gray_wool","(3,-1,3)=plot_floor"
小蛋糕,/home/minecraft/minecraft/cc-core/plugins/ChampionshipsCore/buildmart/blueprints/小蛋糕.yml,3,0,3,minecraft:brown_wool,False,True,"(3,0,2)=minecraft:brown_wool","(4,0,3)=minecraft:brown_wool","(3,0,4)=minecraft:brown_wool","(2,0,3)=minecraft:brown_wool","(3,1,3)=minecraft:white_wool","(3,-1,3)=plot_floor"
小蛋糕,/home/minecraft/minecraft/cc-core/plugins/ChampionshipsCore/buildmart/blueprints/小蛋糕.yml,3,1,3,minecraft:white_wool,True,False,"(3,1,2)=minecraft:white_wool","(4,1,3)=minecraft:white_wool","(3,1,4)=minecraft:white_wool","(2,1,3)=minecraft:white_wool","(3,2,3)=minecraft:red_wool","(3,0,3)=minecraft:brown_wool"
小雪人,/home/minecraft/minecraft/cc-core/plugins/ChampionshipsCore/buildmart/blueprints/小雪人.yml,3,0,3,minecraft:snow_block,False,True,"(3,0,2)=minecraft:snow_block","(4,0,3)=minecraft:snow_block","(3,0,4)=minecraft:snow_block","(2,0,3)=minecraft:snow_block","(3,1,3)=minecraft:snow_block","(3,-1,3)=plot_floor"
小鸡,/home/minecraft/minecraft/cc-core/plugins/ChampionshipsCore/buildmart/blueprints/小鸡.yml,3,2,3,minecraft:white_wool,True,False,"(3,2,2)=minecraft:white_wool","(4,2,3)=minecraft:white_wool","(3,2,4)=minecraft:white_wool","(2,2,3)=minecraft:white_wool","(3,3,3)=minecraft:white_wool","(3,1,3)=minecraft:white_wool"
小鸡,/home/minecraft/minecraft/cc-core/plugins/ChampionshipsCore/buildmart/blueprints/小鸡.yml,4,2,3,minecraft:white_wool,True,False,"(4,2,2)=minecraft:white_wool","(5,2,3)=minecraft:red_terracotta","(4,2,4)=minecraft:white_wool","(3,2,3)=minecraft:white_wool","(4,3,3)=minecraft:white_wool","(4,1,3)=minecraft:white_wool"
小鸡,/home/minecraft/minecraft/cc-core/plugins/ChampionshipsCore/buildmart/blueprints/小鸡.yml,4,3,3,minecraft:white_wool,True,False,"(4,3,2)=minecraft:black_wool","(5,3,3)=minecraft:yellow_terracotta","(4,3,4)=minecraft:black_wool","(3,3,3)=minecraft:white_wool","(4,4,3)=minecraft:white_wool","(4,2,3)=minecraft:white_wool"
时钟,/home/minecraft/minecraft/cc-core/plugins/ChampionshipsCore/buildmart/blueprints/时钟.yml,1,0,1,minecraft:white_wool,False,True,"(1,0,0)=minecraft:white_wool","(2,0,1)=minecraft:white_terracotta","(1,0,2)=minecraft:white_terracotta","(0,0,1)=minecraft:white_wool","(1,1,1)=minecraft:polished_granite_slab[type=bottom,waterlogged=false]","(1,-1,1)=plot_floor"
时钟,/home/minecraft/minecraft/cc-core/plugins/ChampionshipsCore/buildmart/blueprints/时钟.yml,1,0,5,minecraft:white_wool,False,True,"(1,0,4)=minecraft:white_terracotta","(2,0,5)=minecraft:white_terracotta","(1,0,6)=minecraft:white_wool","(0,0,5)=minecraft:white_wool","(1,1,5)=minecraft:polished_granite_slab[type=bottom,waterlogged=false]","(1,-1,5)=plot_floor"
时钟,/home/minecraft/minecraft/cc-core/plugins/ChampionshipsCore/buildmart/blueprints/时钟.yml,3,0,3,minecraft:white_terracotta,False,True,"(3,0,2)=minecraft:white_terracotta","(4,0,3)=minecraft:white_terracotta","(3,0,4)=minecraft:white_terracotta","(2,0,3)=minecraft:white_terracotta","(3,1,3)=minecraft:pale_oak_log[axis=y]","(3,-1,3)=plot_floor"
时钟,/home/minecraft/minecraft/cc-core/plugins/ChampionshipsCore/buildmart/blueprints/时钟.yml,5,0,1,minecraft:white_wool,False,True,"(5,0,0)=minecraft:white_wool","(6,0,1)=minecraft:white_wool","(5,0,2)=minecraft:white_terracotta","(4,0,1)=minecraft:white_terracotta","(5,1,1)=minecraft:polished_granite_slab[type=bottom,waterlogged=false]","(5,-1,1)=plot_floor"
时钟,/home/minecraft/minecraft/cc-core/plugins/ChampionshipsCore/buildmart/blueprints/时钟.yml,5,0,5,minecraft:white_wool,False,True,"(5,0,4)=minecraft:white_terracotta","(6,0,5)=minecraft:white_wool","(5,0,6)=minecraft:white_wool","(4,0,5)=minecraft:white_terracotta","(5,1,5)=minecraft:polished_granite_slab[type=bottom,waterlogged=false]","(5,-1,5)=plot_floor"
机器人,/home/minecraft/minecraft/cc-core/plugins/ChampionshipsCore/buildmart/blueprints/机器人.yml,3,3,3,minecraft:iron_block,True,False,"(3,3,2)=minecraft:iron_block","(4,3,3)=minecraft:iron_block","(3,3,4)=minecraft:iron_block","(2,3,3)=minecraft:iron_block","(3,4,3)=minecraft:iron_block","(3,2,3)=minecraft:iron_block"
热气球,/home/minecraft/minecraft/cc-core/plugins/ChampionshipsCore/buildmart/blueprints/热气球.yml,3,4,3,minecraft:light_gray_wool,True,False,"(3,4,2)=minecraft:light_gray_wool","(4,4,3)=minecraft:light_gray_wool","(3,4,4)=minecraft:light_gray_wool","(2,4,3)=minecraft:light_gray_wool","(3,5,3)=minecraft:white_wool","(3,3,3)=minecraft:white_wool"
熊猫,/home/minecraft/minecraft/cc-core/plugins/ChampionshipsCore/buildmart/blueprints/熊猫.yml,3,3,3,minecraft:white_wool,True,False,"(3,3,2)=minecraft:black_wool","(4,3,3)=minecraft:black_wool","(3,3,4)=minecraft:white_wool","(2,3,3)=minecraft:black_wool","(3,4,3)=minecraft:white_wool","(3,2,3)=minecraft:white_wool"
石岸灯塔,/home/minecraft/minecraft/cc-core/plugins/ChampionshipsCore/buildmart/blueprints/石岸灯塔.yml,1,0,1,minecraft:white_wool,False,True,"(1,0,0)=minecraft:white_wool","(2,0,1)=minecraft:white_wool","(1,0,2)=minecraft:white_wool","(0,0,1)=minecraft:white_wool","(1,1,1)=minecraft:red_wool","(1,-1,1)=plot_floor"
石岸灯塔,/home/minecraft/minecraft/cc-core/plugins/ChampionshipsCore/buildmart/blueprints/石岸灯塔.yml,1,1,1,minecraft:red_wool,True,False,"(1,1,0)=minecraft:red_wool","(2,1,1)=minecraft:red_wool","(1,1,2)=minecraft:red_wool","(0,1,1)=minecraft:red_wool","(1,2,1)=minecraft:white_wool","(1,0,1)=minecraft:white_wool"
石岸灯塔,/home/minecraft/minecraft/cc-core/plugins/ChampionshipsCore/buildmart/blueprints/石岸灯塔.yml,1,2,1,minecraft:white_wool,True,False,"(1,2,0)=minecraft:white_wool","(2,2,1)=minecraft:white_wool","(1,2,2)=minecraft:white_wool","(0,2,1)=minecraft:white_wool","(1,3,1)=minecraft:glowstone","(1,1,1)=minecraft:red_wool"
美味静物,/home/minecraft/minecraft/cc-core/plugins/ChampionshipsCore/buildmart/blueprints/美味静物.yml,2,0,5,minecraft:red_concrete_powder,False,True,"(2,0,4)=minecraft:red_concrete_powder","(3,0,5)=minecraft:red_concrete_powder","(2,0,6)=minecraft:red_concrete_powder","(1,0,5)=minecraft:red_concrete_powder","(2,1,5)=minecraft:red_concrete_powder","(2,-1,5)=plot_floor"
诡异森林,/home/minecraft/minecraft/cc-core/plugins/ChampionshipsCore/buildmart/blueprints/诡异森林.yml,2,2,1,minecraft:warped_wart_block,True,False,"(2,2,0)=minecraft:warped_wart_block","(3,2,1)=minecraft:warped_wart_block","(2,2,2)=minecraft:warped_wart_block","(1,2,1)=minecraft:warped_wart_block","(2,3,1)=minecraft:warped_wart_block","(2,1,1)=minecraft:warped_stem[axis=y]"
迪厅,/home/minecraft/minecraft/cc-core/plugins/ChampionshipsCore/buildmart/blueprints/迪厅.yml,2,0,4,minecraft:black_concrete,False,True,"(2,0,3)=minecraft:black_concrete","(3,0,4)=minecraft:red_glazed_terracotta[facing=south]","(2,0,5)=minecraft:black_concrete","(1,0,4)=minecraft:black_concrete","(2,1,4)=minecraft:jukebox[has_record=false]","(2,-1,4)=plot_floor"
邮箱,/home/minecraft/minecraft/cc-core/plugins/ChampionshipsCore/buildmart/blueprints/邮箱.yml,3,4,3,minecraft:red_concrete,True,False,"(3,4,2)=minecraft:red_concrete","(4,4,3)=minecraft:red_concrete","(3,4,4)=minecraft:red_concrete","(2,4,3)=minecraft:red_concrete","(3,5,3)=minecraft:red_sandstone_slab[type=bottom,waterlogged=false]","(3,3,3)=minecraft:spruce_log[axis=y]"
野餐篮,/home/minecraft/minecraft/cc-core/plugins/ChampionshipsCore/buildmart/blueprints/野餐篮.yml,2,0,3,minecraft:oak_planks,False,True,"(2,0,2)=minecraft:oak_planks","(3,0,3)=minecraft:oak_planks","(2,0,4)=minecraft:oak_planks","(1,0,3)=minecraft:oak_planks","(2,1,3)=minecraft:melon","(2,-1,3)=plot_floor"
野餐篮,/home/minecraft/minecraft/cc-core/plugins/ChampionshipsCore/buildmart/blueprints/野餐篮.yml,3,0,3,minecraft:oak_planks,False,True,"(3,0,2)=minecraft:oak_planks","(4,0,3)=minecraft:oak_planks","(3,0,4)=minecraft:oak_planks","(2,0,3)=minecraft:oak_planks","(3,1,3)=minecraft:melon","(3,-1,3)=plot_floor"
野餐篮,/home/minecraft/minecraft/cc-core/plugins/ChampionshipsCore/buildmart/blueprints/野餐篮.yml,4,0,3,minecraft:oak_planks,False,True,"(4,0,2)=minecraft:oak_planks","(5,0,3)=minecraft:oak_planks","(4,0,4)=minecraft:oak_planks","(3,0,3)=minecraft:oak_planks","(4,1,3)=minecraft:melon","(4,-1,3)=plot_floor"
音符盒,/home/minecraft/minecraft/cc-core/plugins/ChampionshipsCore/buildmart/blueprints/音符盒.yml,2,0,2,minecraft:dark_oak_planks,False,True,"(2,0,1)=minecraft:dark_oak_planks","(3,0,2)=minecraft:dark_oak_planks","(2,0,3)=minecraft:dark_oak_planks","(1,0,2)=minecraft:dark_oak_planks","(2,1,2)=minecraft:amethyst_block","(2,-1,2)=plot_floor"
音符盒,/home/minecraft/minecraft/cc-core/plugins/ChampionshipsCore/buildmart/blueprints/音符盒.yml,2,0,4,minecraft:dark_oak_planks,False,True,"(2,0,3)=minecraft:dark_oak_planks","(3,0,4)=minecraft:dark_oak_planks","(2,0,5)=minecraft:dark_oak_planks","(1,0,4)=minecraft:dark_oak_planks","(2,1,4)=minecraft:amethyst_block","(2,-1,4)=plot_floor"
音符盒,/home/minecraft/minecraft/cc-core/plugins/ChampionshipsCore/buildmart/blueprints/音符盒.yml,3,0,3,minecraft:dark_oak_planks,False,True,"(3,0,2)=minecraft:dark_oak_planks","(4,0,3)=minecraft:dark_oak_planks","(3,0,4)=minecraft:dark_oak_planks","(2,0,3)=minecraft:dark_oak_planks","(3,1,3)=minecraft:gold_block","(3,-1,3)=plot_floor"
音符盒,/home/minecraft/minecraft/cc-core/plugins/ChampionshipsCore/buildmart/blueprints/音符盒.yml,4,0,2,minecraft:dark_oak_planks,False,True,"(4,0,1)=minecraft:dark_oak_planks","(5,0,2)=minecraft:dark_oak_planks","(4,0,3)=minecraft:dark_oak_planks","(3,0,2)=minecraft:dark_oak_planks","(4,1,2)=minecraft:amethyst_block","(4,-1,2)=plot_floor"
音符盒,/home/minecraft/minecraft/cc-core/plugins/ChampionshipsCore/buildmart/blueprints/音符盒.yml,4,0,4,minecraft:dark_oak_planks,False,True,"(4,0,3)=minecraft:dark_oak_planks","(5,0,4)=minecraft:dark_oak_planks","(4,0,5)=minecraft:dark_oak_planks","(3,0,4)=minecraft:dark_oak_planks","(4,1,4)=minecraft:amethyst_block","(4,-1,4)=plot_floor"
